type,domain,systemId,name,brandHint,candidates,prefabPath
unknown_family,bait,black_leech,Пиявка,,,
ambiguous_family,bait,bloodworm,Мотыль,,2,
ambiguous_family,bait,boils_cb_ca10,Икра 10,craft_baits,2,
ambiguous_family,bait,boils_cb_ca16,Икра 16,craft_baits,2,
ambiguous_family,bait,boils_cb_ca20,Икра 20,craft_baits,2,
ambiguous_family,bait,boils_cb_ca26,Икра 26,craft_baits,2,
ambiguous_family,bait,boils_cb_fc10,Свежая клюква 10,craft_baits,2,
ambiguous_family,bait,boils_cb_fc16,Свежая клюква 16,craft_baits,2,
ambiguous_family,bait,boils_cb_fc20,Свежая клюква 20,craft_baits,2,
ambiguous_family,bait,boils_cb_fc26,Свежая клюква 26,craft_baits,2,
unknown_family,bait,boils_cb_tf10,ТФ 10,craft_baits,,
unknown_family,bait,boils_cb_tf14,ТФ 14,craft_baits,,
unknown_family,bait,boils_cb_tf18,ТФ 18,craft_baits,,
unknown_family,bait,boils_cb_tf20,ТФ 20,craft_baits,,
unknown_family,bait,boils_cb_tf_pu10,ТФ Pop Ups 10,craft_baits,,
unknown_family,bait,boils_cb_tf_pu14,ТФ Pop Ups 14,craft_baits,,
unknown_family,bait,boils_cb_tf_pu18,ТФ Pop Ups 18,craft_baits,,
unknown_family,bait,boils_cb_tf_pu20,ТФ Pop Ups 20,craft_baits,,
unknown_family,bait,boil_brown,Боил коричневый,,,
unknown_family,bait,boil_green,Боил зеленый,,,
unknown_family,bait,boil_orange,Боил оранжевый,,,
unknown_family,bait,boil_red,Боил красный,,,
unknown_family,bait,boil_rose,Боил розовый,,,
unknown_family,bait,boil_yellow,Боил жёлтый,,,
ambiguous_family,bait,boils_hvz_ami_12,Амино 12,van_zandt,3,
ambiguous_family,bait,boils_hvz_ami_16,Амино 16,van_zandt,3,
ambiguous_family,bait,boils_hvz_ami_22,Амино 22,van_zandt,3,
ambiguous_family,bait,boils_hvz_ami_24,Амино 24,van_zandt,3,
ambiguous_family,bait,boils_hvz_bcur12,Чёрная смородина 12,van_zandt,2,
ambiguous_family,bait,boils_hvz_bcur15,Чёрная смородина 15,van_zandt,2,
ambiguous_family,bait,boils_hvz_bcur20,Чёрная смородина 20,van_zandt,2,
ambiguous_family,bait,boils_hvz_hs12,Клубника 12,van_zandt,2,
ambiguous_family,bait,boils_hvz_hs15,Клубника 15,van_zandt,2,
ambiguous_family,bait,boils_hvz_hs20,Клубника 20,van_zandt,2,
ambiguous_family,bait,boils_hvz_kc15,Королевский краб 15,van_zandt,3,
ambiguous_family,bait,boils_hvz_kc18,Королевский краб 18,van_zandt,3,
ambiguous_family,bait,boils_hvz_kc24,Королевский краб 24,van_zandt,3,
ambiguous_family,bait,boils_hvz_ma15,Нежный анис 15,van_zandt,2,
ambiguous_family,bait,boils_hvz_ma20,Нежный анис 20,van_zandt,2,
ambiguous_family,bait,boils_hvz_mh15,Горный мёд 15,van_zandt,2,
ambiguous_family,bait,boils_hvz_tf15,Тутти-Фрутти 15,van_zandt,2,
ambiguous_family,bait,boils_hvz_tf18,Тутти-Фрутти 18,van_zandt,2,
ambiguous_family,bait,boils_hvz_tf24,Тутти-Фрутти 24,van_zandt,2,
unknown_family,bait,boils_hvz_tp_pu12,Тропическй ананас Pop-Ups 12,van_zandt,,
unknown_family,bait,boils_hvz_tp_pu15,Тропическй ананас Pop-Ups 15,van_zandt,,
unknown_family,bait,boils_hvz_tp_pu20,Тропическй ананас Pop-Ups 20,van_zandt,,
ambiguous_family,bait,boils_hvz_van12,Ваниль 12,van_zandt,2,
ambiguous_family,bait,boils_hvz_van16,Ваниль 16,van_zandt,2,
ambiguous_family,bait,boils_hvz_van22,Ваниль 22,van_zandt,2,
ambiguous_family,bait,boils_op_ban14,Банан 14,old_pal,2,
ambiguous_family,bait,boils_op_ban20,Банан 20,old_pal,2,
ambiguous_family,bait,boils_op_ban26,Банан 26,old_pal,2,
ambiguous_family,bait,boils_op_blw10,Мотыль 10,old_pal,2,
ambiguous_family,bait,boils_op_blw14,Мотыль 14,old_pal,2,
ambiguous_family,bait,boils_op_cc12,Кокос и сливки 12,old_pal,3,
ambiguous_family,bait,boils_op_cc16,Кокос и сливки 16,old_pal,3,
ambiguous_family,bait,boils_op_cc22,Кокос и сливки 22,old_pal,3,
ambiguous_family,bait,boils_op_fwk14,Пресноводный криль 14,old_pal,2,
ambiguous_family,bait,boils_op_fwk18,Пресноводный криль 18,old_pal,2,
ambiguous_family,bait,boils_op_hal14,Палтус 14,old_pal,3,
ambiguous_family,bait,boils_op_hal20,Палтус 20,old_pal,3,
ambiguous_family,bait,boils_op_mc15,Мятный торт 15,old_pal,2,
ambiguous_family,bait,boils_op_mc20,Мятный торт 20,old_pal,2,
ambiguous_family,bait,boils_op_mc25,Мятный торт 25,old_pal,2,
ambiguous_family,bait,boils_op_rj15,Малиновый джем 15,old_pal,2,
ambiguous_family,bait,boils_op_rj20,Малиновый джем 20,old_pal,2,
ambiguous_family,bait,boils_op_rj25,Малиновый джем 25,old_pal,2,
ambiguous_family,bait,boils_op_sc14,Сахарная кукуруза 14,old_pal,2,
ambiguous_family,bait,boils_op_sc20,Сахарная кукуруза 20,old_pal,2,
ambiguous_family,bait,boils_op_sc26,Сахарная кукуруза 26,old_pal,2,
ambiguous_family,bait,boils_op_sf14,Семена подсолнуха 14,old_pal,2,
ambiguous_family,bait,boils_op_sf20,Семена подсолнуха 20,old_pal,2,
ambiguous_family,bait,boils_op_sf26,Семена подсолнуха 26,old_pal,2,
ambiguous_family,bait,boils_op_smk14,Копчёности 14,old_pal,3,
ambiguous_family,bait,boils_op_smk20,Копчёности 20,old_pal,3,
ambiguous_family,bait,boils_op_smk30,Копчёности 30,old_pal,3,
missing_public_name,bait,boils_pm_hn20,,,,assets/gfx/baits/boil/boils_pm/prefabs/boils_pm_hn20.prefab
unknown_family,bait,bread,Хлеб,,,
unknown_family,bait,cabbage,Капустный лист,,,
unknown_family,bait,caddisfly,Ручейник,,,
ambiguous_family,bait,caviar,Икра,,2,
unknown_family,bait,cheese_cube,Сырный кубик,,,
unknown_family,bait,corn,Зерна кукурузы,,,
unknown_family,bait,crawfish_meat,Раковая шейка,,,
unknown_family,bait,cricket,Сверчок,,,
ambiguous_family,bait,crn_cb_bfc,Банан,craft_baits,2,
unknown_family,bait,crn_cb_cfc,Цитрусы,craft_baits,,
unknown_family,bait,crn_cb_ffc,Фрукты,craft_baits,,
unknown_family,bait,crn_cb_nfc_flr,Натуральный вкус FLR,craft_baits,,
unknown_family,bait,crn_cb_nfc_neo,Натуральный вкус NEO,craft_baits,,
unknown_family,bait,crn_cb_nfc_org,Натуральный вкус ORG,craft_baits,,
unknown_family,bait,crn_cb_nfc_red,Натуральный вкус RED,craft_baits,,
unknown_family,bait,crn_cb_nfc_ylw,Натуральный вкус YLW,craft_baits,,
unknown_family,bait,crn_cb_nfc_ylw2,Натуральный вкус YLW2,craft_baits,,
unknown_family,bait,crn_cb_rbfc,Малина,craft_baits,,
ambiguous_family,bait,crn_cb_sbfc,Клубника,craft_baits,2,
unknown_family,bait,crn_cb_sfc,Специи,craft_baits,,
unknown_family,bait,crn_cb_sqfc,Кальмар,craft_baits,,
ambiguous_family,bait,crn_op_bccp,Черная смородина Фиолетовый,old_pal,3,
ambiguous_family,bait,crn_op_bccy,Черная смородина Жёлтый,old_pal,3,
ambiguous_family,bait,crn_op_bcy,Банан,old_pal,2,
unknown_family,bait,crn_op_cbcr,Клюква,old_pal,,
unknown_family,bait,crn_op_cccw,Кокосовый крем,old_pal,,
ambiguous_family,bait,crn_op_ccr,Икра Красный,old_pal,2,
ambiguous_family,bait,crn_op_ccy,Икра Жёлтый,old_pal,2,
unknown_family,bait,crn_op_ebcr,Ягодный микс,old_pal,,
unknown_family,bait,crn_op_mbcp,Шелковица Фиолетовый,old_pal,,
unknown_family,bait,crn_op_mbcy,Шелковица Жёлтый,old_pal,,
unknown_family,bait,crn_op_rbcp,Малина,old_pal,,
ambiguous_family,bait,crn_op_sbcr,Клубника,old_pal,2,
unknown_family,bait,crn_op_scn_f,Натуральный Флуоресцентный,old_pal,,
unknown_family,bait,crn_op_scn_g,Натуральный Зеленый,old_pal,,
unknown_family,bait,crn_op_scn_o,Натуральный Оранжевый,old_pal,,
unknown_family,bait,crn_op_scn_p,Натуральный Розовый,old_pal,,
unknown_family,bait,crn_op_scn_r,Натуральный Красный,old_pal,,
unknown_family,bait,crn_op_scn_w,Натуральный Белый,old_pal,,
unknown_family,bait,crn_op_scn_y,Натуральный Жёлтый,old_pal,,
unknown_family,bait,crn_op_scy,Пряности,old_pal,,
unknown_family,bait,crn_op_sqcr,Кальмар Красный,old_pal,,
unknown_family,bait,crn_op_sqcy,Кальмар Жёлтый,old_pal,,
unknown_family,bait,fb_bf_makrel,Большое филе - Макрель,,,
unknown_family,bait,fb_bf_saida,Большое филе - Сайда,,,
unknown_family,bait,fb_bf_seld,Большое филе - Сельдь,,,
unknown_family,bait,fb_d_makrel,Мёртвая макрель,,,
unknown_family,bait,fb_d_saida,Мёртвая сайда,,,
unknown_family,bait,fb_d_seld,Мёртвая сельдь,,,
unknown_family,bait,fb_gf_makrel,Огромное филе - Макрель,,,
unknown_family,bait,fb_gf_saida,Огромное филе - Сайда,,,
unknown_family,bait,fb_gf_seld,Огромное филе - Сельдь,,,
unknown_family,bait,fb_lf_makrel,Маленькое филе - Макрель,,,
unknown_family,bait,fb_lf_saida,Маленькое филе - Сайда,,,
unknown_family,bait,fb_lf_seld,Маленькое филе - Сельдь,,,
unknown_family,bait,fb_sf_makrel,Полоска филе - Макрель,,,
unknown_family,bait,fb_sf_saida,Полоска филе - Сайда,,,
unknown_family,bait,fb_sf_seld,Полоска филе - Сельдь,,,
unknown_family,bait,dorbeetle,Жук навозный,,,
unknown_family,bait,dough_cottage,Тесто творожное,,,
unknown_family,bait,dough_egg,Тесто яичное,,,
unknown_family,bait,dough_garlic,Тесто чесночное,,,
unknown_family,bait,dough_honey,Тесто медовое,,,
unknown_family,bait,dough_sweet,Тесто сладкое,,,
unknown_family,bait,bait_dreissena,Мясо дрейссены,,,
unknown_family,bait,fb_lugworm,Червяк пескожил,,,
unknown_family,bait,fb_mussel,Мясо мидии,,,
unknown_family,bait,fb_nereis,Нереис,,,
unknown_family,bait,fb_scallop,Мясо морского гребешка,,,
unknown_family,bait,fb_shrimp,Креветка,,,
unknown_family,bait,fb_squid,Мясо кальмара,,,
unknown_family,bait,fish_pieces,Кусочки рыбы,,,
unknown_family,bait,fly,Муха,,,
unknown_family,bait,gadfly,Овод,,,
unknown_family,bait,gadfly_little,Слепень,,,
unknown_family,bait,grasshopper,Кузнечик,,,
unknown_family,bait,gryllotalpa,Медведка,,,
unknown_family,bait,bluegill_lf,Солнечник синежаберный,,,
unknown_family,bait,c_bleak_lf,Уклейка,,,
unknown_family,bait,c_carp_lf,Карась золотой,,,
unknown_family,bait,c_roach_lf,Плотва обыкновенная,,,
unknown_family,bait,c_roach_syb_lf_3,Плотва сибирская,,,
unknown_family,bait,crucian_lf,Карась серебряный,,,
unknown_family,bait,gizshad_lf,Доросома северная,,,
unknown_family,bait,golian_lf_2,Гольян озерный,,,
unknown_family,bait,gudgeon_lf,Пескарь,,,
unknown_family,bait,gudgeon_syb_lf,Пескарь сибирский,,,
unknown_family,bait,lamprey_lf,Минога,,,
missing_public_name,bait,large_fish,,,,assets/gfx/baits/live_fish/large_fish.prefab
unknown_family,bait,perch_lf,Окунь,,,
unknown_family,bait,redsunfish_lf,Солнечник красноухий,,,
unknown_family,bait,ruffe_lf,Ёрш,,,
unknown_family,bait,s_bream_lf,Густера,,,
missing_public_name,bait,small_fish,,,,assets/gfx/baits/live_fish/small_fish.prefab
unknown_family,bait,snetok_lf,Снеток,,,
unknown_family,bait,sybgolec_lf,Голец сибирский-усач,,,
missing_public_name,bait,tiny_fish,,,,assets/gfx/baits/live_fish/tiny_fish.prefab
unknown_family,bait,tiulka_lf,Тюлька,,,
unknown_family,bait,maggot,Опарыш,,,
unknown_family,bait,maggot_caster,Кастер,,,
unknown_family,bait,maybug,Майский жук,,,
unknown_family,bait,maybug_larva,Личинка майского жука,,,
unknown_family,bait,mayfly,Поденка,,,
unknown_family,bait,gammarus_fresh,Бокоплав пресноводный,,,
unknown_family,bait,muckworm,Червь навозный,,,
unknown_family,bait,naiad,Личинка поденки,,,
ambiguous_family,bait,hvz_t_nuts,Тигровый орех,van_zandt,2,
unknown_family,bait,peas,Горошек,,,
ambiguous_family,bait,plt_cb_cvr14,Икра 14,craft_baits,2,
ambiguous_family,bait,plt_cb_cvr18,Икра 18,craft_baits,2,
ambiguous_family,bait,plt_cb_cvr24,Икра 24,craft_baits,2,
ambiguous_family,bait,plt_cb_cwf14,Речной рак 14,craft_baits,2,
ambiguous_family,bait,plt_cb_cwf18,Речной рак 18,craft_baits,2,
ambiguous_family,bait,plt_cb_cwf24,Речной рак 24,craft_baits,2,
ambiguous_family,bait,plt_cb_sgp18,Пряный чеснок 18,craft_baits,2,
ambiguous_family,bait,plt_cb_sgp24,Пряный чеснок 24,craft_baits,2,
ambiguous_family,bait,plt_cb_sqh16,Кальмар и травы 16,craft_baits,2,
ambiguous_family,bait,plt_cb_sqh22,Кальмар и травы 22,craft_baits,2,
ambiguous_family,bait,plt_cb_sqh26,Кальмар и травы 26,craft_baits,2,
ambiguous_family,bait,plt_hvz_ap14,Амино 14,van_zandt,3,
ambiguous_family,bait,plt_hvz_ap18,Амино 18,van_zandt,3,
ambiguous_family,bait,plt_hvz_ap24,Амино 24,van_zandt,3,
ambiguous_family,bait,plt_hvz_ap8,Амино 8,van_zandt,3,
ambiguous_family,bait,plt_hvz_kcp14,Королевский краб 14,van_zandt,3,
ambiguous_family,bait,plt_hvz_kcp18,Королевский краб 18,van_zandt,3,
ambiguous_family,bait,plt_hvz_kcp24,Королевский краб 24,van_zandt,3,
ambiguous_family,bait,plt_hvz_rkp14,Красный криль 14,van_zandt,2,
ambiguous_family,bait,plt_hvz_rkp18,Красный криль 18,van_zandt,2,
ambiguous_family,bait,plt_hvz_rkp8,Красный криль 8,van_zandt,2,
ambiguous_family,bait,plt_hvz_vp14,Ваниль 14,van_zandt,2,
ambiguous_family,bait,plt_hvz_vp18,Ваниль 18,van_zandt,2,
ambiguous_family,bait,plt_hvz_vp24,Ваниль 24,van_zandt,2,
ambiguous_family,bait,plt_hvz_vp8,Ваниль 8,van_zandt,2,
ambiguous_family,bait,plt_op_ccp14,Кокос и сливки 14,old_pal,3,
ambiguous_family,bait,plt_op_ccp18,Кокос и сливки 18,old_pal,3,
ambiguous_family,bait,plt_op_ccp25,Кокос и сливки 25,old_pal,3,
ambiguous_family,bait,plt_op_ccp8,Кокос и сливки 8,old_pal,3,
ambiguous_family,bait,plt_op_fkp10,Пресноводный криль 10,old_pal,2,
ambiguous_family,bait,plt_op_fkp14,Пресноводный криль 14,old_pal,2,
ambiguous_family,bait,plt_op_fkp18,Пресноводный криль 18,old_pal,2,
ambiguous_family,bait,plt_op_fkp25,Пресноводный криль 25,old_pal,2,
ambiguous_family,bait,plt_op_gcp14,Десерт из трав 14,old_pal,2,
ambiguous_family,bait,plt_op_gcp18,Десерт из трав 18,old_pal,2,
ambiguous_family,bait,plt_op_gcp25,Десерт из трав 25,old_pal,2,
ambiguous_family,bait,plt_op_hbp14,Палтус 14,old_pal,3,
ambiguous_family,bait,plt_op_hbp18,Палтус 18,old_pal,3,
ambiguous_family,bait,plt_op_hbp25,Палтус 25,old_pal,3,
unknown_family,bait,plt_op_mcp14,Мятный пряник 14,old_pal,,
unknown_family,bait,plt_op_mcp18,Мятный пряник 18,old_pal,,
unknown_family,bait,plt_op_mcp25,Мятный пряник 25,old_pal,,
ambiguous_family,bait,plt_op_scr14,Сладкие сливки 14,old_pal,2,
ambiguous_family,bait,plt_op_scr18,Сладкие сливки 18,old_pal,2,
ambiguous_family,bait,plt_op_scr8,Сладкие сливки 8,old_pal,2,
ambiguous_family,bait,plt_op_skp15,Копчености 15,old_pal,3,
ambiguous_family,bait,plt_op_skp18,Копчености 18,old_pal,3,
ambiguous_family,bait,plt_op_skp25,Копчености 25,old_pal,3,
unknown_family,bait,porridge_corn,Каша кукурузная,,,
unknown_family,bait,porridge_oatmeal,Каша овсяная,,,
unknown_family,bait,porridge_pea,Каша гороховая,,,
unknown_family,bait,porridge_pearl_barley,Каша перловая,,,
unknown_family,bait,porridge_semolina,Каша манная,,,
unknown_family,bait,potato,Картофельный кубик,,,
unknown_family,bait,scolytinae,Личинка короеда,,,
unknown_family,bait,stonefly_nymph,Личинка веснянки,,,
unknown_family,bait,sunflower_cake,Жмых,,,
missing_public_name,bait,p_surv_worm,,,,assets/gfx/baits/surv_worm/p_surv_worm.prefab
unknown_family,bait,unibeetle_larva,Личинка жука-носорога,,,
unknown_family,bait,unio_crassus,Мясо перловицы,,,
unknown_family,bait,vypolzok_01,Выползок,,,
missing_public_name,bait,vypolzok_01_nonposed,,,,assets/gfx/baits/vypolzok_01/vypolzok_01_nonposed.prefab
unknown_family,bait,waterbug,Жук-плавунец,,,
unknown_family,bait,watergrass,Пучок водорослей,,,
unknown_family,bait,wheat_grain,Зерна пшеницы,,,
unknown_family,bait,worm_01,Червь,,,
unknown_family,bait,worm_asurv,"Червь навозный ""Астраханский живучий""",,,
unknown_family,bait,worm_msor,"Червь ""Московский сортовой""",,,
unknown_family,bait,worm_orlen,"Червь ""Ленинградский""",,,
unknown_family,bait,worm_sur,"Червь ""Сурский Навозник""",,,
unknown_family,bait,worm_volh,"Червь навозный ""Волховский""",,,
unknown_family,bait,baitfrog,Лягушка,,,
unknown_family,lure,jhead_21045,DF Huge Jig RED 150,berserk_hooks,,
unknown_family,lure,jhead_21046,DF Huge Jig BLUE 150,berserk_hooks,,
unknown_family,lure,jhead_21047,DF Huge Jig GREEN 150,berserk_hooks,,
unknown_family,lure,jhead_21048,DF Huge Jig RED 350,berserk_hooks,,
unknown_family,lure,jhead_21049,DF Huge Jig BLUE 350,berserk_hooks,,
unknown_family,lure,jhead_21050,DF Huge Jig GREEN 350,berserk_hooks,,
unknown_family,lure,jhead_21051,DF Huge Jig RED 500,berserk_hooks,,
unknown_family,lure,jhead_21052,DF Huge Jig BLUE 500,berserk_hooks,,
unknown_family,lure,jhead_21053,DF Huge Jig GREEN 500,berserk_hooks,,
unknown_family,lure,jhead_21054,DF Huge Jig RED 750,berserk_hooks,,
unknown_family,lure,jhead_21055,DF Huge Jig BLUE 750,berserk_hooks,,
unknown_family,lure,jhead_21056,DF Huge Jig GREEN 750,berserk_hooks,,
unknown_family,lure,jhead_21080,DF Huge Jig PINK 150,berserk_hooks,,
unknown_family,lure,jhead_21081,DF Huge Jig SILVER 150,berserk_hooks,,
unknown_family,lure,jhead_21082,DF Huge Jig PINK 350,berserk_hooks,,
unknown_family,lure,jhead_21083,DF Huge Jig SILVER 350,berserk_hooks,,
unknown_family,lure,jhead_21084,DF Huge Jig PINK 500,berserk_hooks,,
unknown_family,lure,jhead_21085,DF Huge Jig SILVER 500,berserk_hooks,,
unknown_family,lure,jhead_21086,DF Huge Jig PINK 750,berserk_hooks,,
unknown_family,lure,jhead_21087,DF Huge Jig SILVER 750,berserk_hooks,,
unknown_family,lure,jhead_21025,GigaJig head FR 280,cobra,,
unknown_family,lure,jhead_21026,GigaJig head BLU 280,cobra,,
unknown_family,lure,jhead_21027,GigaJig head ROS 280,cobra,,
unknown_family,lure,jhead_21028,GigaJig head GR 280,cobra,,
unknown_family,lure,jhead_21029,GigaJig head NAT 280,cobra,,
unknown_family,lure,jhead_21030,GigaJig head FR 380,cobra,,
unknown_family,lure,jhead_21031,GigaJig head BLU 380,cobra,,
unknown_family,lure,jhead_21032,GigaJig head ROS 380,cobra,,
unknown_family,lure,jhead_21033,GigaJig head GR 380,cobra,,
unknown_family,lure,jhead_21034,GigaJig head NAT 380,cobra,,
unknown_family,lure,jhead_21035,GigaJig head FR 500,cobra,,
unknown_family,lure,jhead_21036,GigaJig head BLU 500,cobra,,
unknown_family,lure,jhead_21037,GigaJig head ROS 500,cobra,,
unknown_family,lure,jhead_21038,GigaJig head GR 500,cobra,,
unknown_family,lure,jhead_21039,GigaJig head NAT 500,cobra,,
unknown_family,lure,jhead_21040,GigaJig head FR 700,cobra,,
unknown_family,lure,jhead_21041,GigaJig head BLU 700,cobra,,
unknown_family,lure,jhead_21042,GigaJig head ROS 700,cobra,,
unknown_family,lure,jhead_21043,GigaJig head GR 700,cobra,,
unknown_family,lure,jhead_21044,GigaJig head NAT 700,cobra,,
unknown_family,lure,hm_jerk_f_100f_001_hq,Wooden Jerk-Fat 100F-001,Handmade,,
unknown_family,lure,hm_jerk_f_100f_001_lq,Wooden Jerk-Fat 100F-001,Handmade,,
unknown_family,lure,hm_jerk_f_100f_001_mq,Wooden Jerk-Fat 100F-001,Handmade,,
unknown_family,lure,hm_jerk_f_100f_002_hq,Wooden Jerk-Fat 100F-002,Handmade,,
unknown_family,lure,hm_jerk_f_100f_002_lq,Wooden Jerk-Fat 100F-002,Handmade,,
unknown_family,lure,hm_jerk_f_100f_002_mq,Wooden Jerk-Fat 100F-002,Handmade,,
unknown_family,lure,hm_jerk_f_100f_003_hq,Wooden Jerk-Fat 100F-003,Handmade,,
unknown_family,lure,hm_jerk_f_100f_003_lq,Wooden Jerk-Fat 100F-003,Handmade,,
unknown_family,lure,hm_jerk_f_100f_003_mq,Wooden Jerk-Fat 100F-003,Handmade,,
unknown_family,lure,hm_jerk_f_100f_004_hq,Wooden Jerk-Fat 100F-004,Handmade,,
unknown_family,lure,hm_jerk_f_100f_004_lq,Wooden Jerk-Fat 100F-004,Handmade,,
unknown_family,lure,hm_jerk_f_100f_004_mq,Wooden Jerk-Fat 100F-004,Handmade,,
unknown_family,lure,hm_jerk_f_100f_005_hq,Wooden Jerk-Fat 100F-005,Handmade,,
unknown_family,lure,hm_jerk_f_100f_005_lq,Wooden Jerk-Fat 100F-005,Handmade,,
unknown_family,lure,hm_jerk_f_100f_005_mq,Wooden Jerk-Fat 100F-005,Handmade,,
unknown_family,lure,hm_jerk_f_140f_001_hq,Wooden Jerk-Fat 140F-001,Handmade,,
unknown_family,lure,hm_jerk_f_140f_001_lq,Wooden Jerk-Fat 140F-001,Handmade,,
unknown_family,lure,hm_jerk_f_140f_001_mq,Wooden Jerk-Fat 140F-001,Handmade,,
unknown_family,lure,hm_jerk_f_140f_002_hq,Wooden Jerk-Fat 140F-002,Handmade,,
unknown_family,lure,hm_jerk_f_140f_002_lq,Wooden Jerk-Fat 140F-002,Handmade,,
unknown_family,lure,hm_jerk_f_140f_002_mq,Wooden Jerk-Fat 140F-002,Handmade,,
unknown_family,lure,hm_jerk_f_140f_003_hq,Wooden Jerk-Fat 140F-003,Handmade,,
unknown_family,lure,hm_jerk_f_140f_003_lq,Wooden Jerk-Fat 140F-003,Handmade,,
unknown_family,lure,hm_jerk_f_140f_003_mq,Wooden Jerk-Fat 140F-003,Handmade,,
unknown_family,lure,hm_jerk_f_140f_004_hq,Wooden Jerk-Fat 140F-004,Handmade,,
unknown_family,lure,hm_jerk_f_140f_004_lq,Wooden Jerk-Fat 140F-004,Handmade,,
unknown_family,lure,hm_jerk_f_140f_004_mq,Wooden Jerk-Fat 140F-004,Handmade,,
unknown_family,lure,hm_jerk_f_140f_005_hq,Wooden Jerk-Fat 140F-005,Handmade,,
unknown_family,lure,hm_jerk_f_140f_005_lq,Wooden Jerk-Fat 140F-005,Handmade,,
unknown_family,lure,hm_jerk_f_140f_005_mq,Wooden Jerk-Fat 140F-005,Handmade,,
unknown_family,lure,hm_jerk_s_110f_001_hq,Wooden Jerk-Slim 110F-001,Handmade,,
unknown_family,lure,hm_jerk_s_110f_001_lq,Wooden Jerk-Slim 110F-001,Handmade,,
unknown_family,lure,hm_jerk_s_110f_001_mq,Wooden Jerk-Slim 110F-001,Handmade,,
unknown_family,lure,hm_jerk_s_110f_002_hq,Wooden Jerk-Slim 110F-002,Handmade,,
unknown_family,lure,hm_jerk_s_110f_002_lq,Wooden Jerk-Slim 110F-002,Handmade,,
unknown_family,lure,hm_jerk_s_110f_002_mq,Wooden Jerk-Slim 110F-002,Handmade,,
unknown_family,lure,hm_jerk_s_110f_003_hq,Wooden Jerk-Slim 110F-003,Handmade,,
unknown_family,lure,hm_jerk_s_110f_003_lq,Wooden Jerk-Slim 110F-003,Handmade,,
unknown_family,lure,hm_jerk_s_110f_003_mq,Wooden Jerk-Slim 110F-003,Handmade,,
unknown_family,lure,hm_jerk_s_110f_004_hq,Wooden Jerk-Slim 110F-004,Handmade,,
unknown_family,lure,hm_jerk_s_110f_004_lq,Wooden Jerk-Slim 110F-004,Handmade,,
unknown_family,lure,hm_jerk_s_110f_004_mq,Wooden Jerk-Slim 110F-004,Handmade,,
unknown_family,lure,hm_jerk_s_110f_005_hq,Wooden Jerk-Slim 110F-005,Handmade,,
unknown_family,lure,hm_jerk_s_110f_005_lq,Wooden Jerk-Slim 110F-005,Handmade,,
unknown_family,lure,hm_jerk_s_110f_005_mq,Wooden Jerk-Slim 110F-005,Handmade,,
unknown_family,lure,hm_jerk_s_170f_001_hq,Wooden Jerk-Slim 170F-001,Handmade,,
unknown_family,lure,hm_jerk_s_170f_001_lq,Wooden Jerk-Slim 170F-001,Handmade,,
unknown_family,lure,hm_jerk_s_170f_001_mq,Wooden Jerk-Slim 170F-001,Handmade,,
unknown_family,lure,hm_jerk_s_170f_002_hq,Wooden Jerk-Slim 170F-002,Handmade,,
unknown_family,lure,hm_jerk_s_170f_002_lq,Wooden Jerk-Slim 170F-002,Handmade,,
unknown_family,lure,hm_jerk_s_170f_002_mq,Wooden Jerk-Slim 170F-002,Handmade,,
unknown_family,lure,hm_jerk_s_170f_003_hq,Wooden Jerk-Slim 170F-003,Handmade,,
unknown_family,lure,hm_jerk_s_170f_003_lq,Wooden Jerk-Slim 170F-003,Handmade,,
unknown_family,lure,hm_jerk_s_170f_003_mq,Wooden Jerk-Slim 170F-003,Handmade,,
unknown_family,lure,hm_jerk_s_170f_004_hq,Wooden Jerk-Slim 170F-004,Handmade,,
unknown_family,lure,hm_jerk_s_170f_004_lq,Wooden Jerk-Slim 170F-004,Handmade,,
unknown_family,lure,hm_jerk_s_170f_004_mq,Wooden Jerk-Slim 170F-004,Handmade,,
unknown_family,lure,hm_jerk_s_170f_005_hq,Wooden Jerk-Slim 170F-005,Handmade,,
unknown_family,lure,hm_jerk_s_170f_005_lq,Wooden Jerk-Slim 170F-005,Handmade,,
unknown_family,lure,hm_jerk_s_170f_005_mq,Wooden Jerk-Slim 170F-005,Handmade,,
unknown_family,lure,hm_shad_140f_001_hq,Balsa Shad 140F-001,Handmade,,
unknown_family,lure,hm_shad_140f_001_lq,Balsa Shad 140F-001,Handmade,,
unknown_family,lure,hm_shad_140f_001_mq,Balsa Shad 140F-001,Handmade,,
unknown_family,lure,hm_shad_140f_002_hq,Balsa Shad 140F-002,Handmade,,
unknown_family,lure,hm_shad_140f_002_lq,Balsa Shad 140F-002,Handmade,,
unknown_family,lure,hm_shad_140f_002_mq,Balsa Shad 140F-002,Handmade,,
unknown_family,lure,hm_shad_140f_003_hq,Balsa Shad 140F-003,Handmade,,
unknown_family,lure,hm_shad_140f_003_lq,Balsa Shad 140F-003,Handmade,,
unknown_family,lure,hm_shad_140f_003_mq,Balsa Shad 140F-003,Handmade,,
unknown_family,lure,hm_shad_140f_004_hq,Balsa Shad 140F-004,Handmade,,
unknown_family,lure,hm_shad_140f_004_lq,Balsa Shad 140F-004,Handmade,,
unknown_family,lure,hm_shad_140f_004_mq,Balsa Shad 140F-004,Handmade,,
unknown_family,lure,hm_shad_140f_005_hq,Balsa Shad 140F-005,Handmade,,
unknown_family,lure,hm_shad_140f_005_lq,Balsa Shad 140F-005,Handmade,,
unknown_family,lure,hm_shad_140f_005_mq,Balsa Shad 140F-005,Handmade,,
unknown_family,lure,hm_shad_140f_006_hq,Balsa Shad 140F-006,Handmade,,
unknown_family,lure,hm_shad_140f_006_lq,Balsa Shad 140F-006,Handmade,,
unknown_family,lure,hm_shad_140f_006_mq,Balsa Shad 140F-006,Handmade,,
unknown_family,lure,hm_shad_60f_001_hq,Balsa Shad 60F-001,Handmade,,
unknown_family,lure,hm_shad_60f_001_lq,Balsa Shad 60F-001,Handmade,,
unknown_family,lure,hm_shad_60f_001_mq,Balsa Shad 60F-001,Handmade,,
unknown_family,lure,hm_shad_60f_002_hq,Balsa Shad 60F-002,Handmade,,
unknown_family,lure,hm_shad_60f_002_lq,Balsa Shad 60F-002,Handmade,,
unknown_family,lure,hm_shad_60f_002_mq,Balsa Shad 60F-002,Handmade,,
unknown_family,lure,hm_shad_60f_003_hq,Balsa Shad 60F-003,Handmade,,
unknown_family,lure,hm_shad_60f_003_lq,Balsa Shad 60F-003,Handmade,,
unknown_family,lure,hm_shad_60f_003_mq,Balsa Shad 60F-003,Handmade,,
unknown_family,lure,hm_shad_60f_004_hq,Balsa Shad 60F-004,Handmade,,
unknown_family,lure,hm_shad_60f_004_lq,Balsa Shad 60F-004,Handmade,,
unknown_family,lure,hm_shad_60f_004_mq,Balsa Shad 60F-004,Handmade,,
unknown_family,lure,hm_shad_60f_005_hq,Balsa Shad 60F-005,Handmade,,
unknown_family,lure,hm_shad_60f_005_lq,Balsa Shad 60F-005,Handmade,,
unknown_family,lure,hm_shad_60f_005_mq,Balsa Shad 60F-005,Handmade,,
unknown_family,lure,hm_shad_60f_006_hq,Balsa Shad 60F-006,Handmade,,
unknown_family,lure,hm_shad_60f_006_lq,Balsa Shad 60F-006,Handmade,,
unknown_family,lure,hm_shad_60f_006_mq,Balsa Shad 60F-006,Handmade,,
unknown_family,lure,hm_shad_85f_001_hq,Balsa Shad 85F-001,Handmade,,
unknown_family,lure,hm_shad_85f_001_lq,Balsa Shad 85F-001,Handmade,,
unknown_family,lure,hm_shad_85f_001_mq,Balsa Shad 85F-001,Handmade,,
unknown_family,lure,hm_shad_85f_002_hq,Balsa Shad 85F-002,Handmade,,
unknown_family,lure,hm_shad_85f_002_lq,Balsa Shad 85F-002,Handmade,,
unknown_family,lure,hm_shad_85f_002_mq,Balsa Shad 85F-002,Handmade,,
unknown_family,lure,hm_shad_85f_003_hq,Balsa Shad 85F-003,Handmade,,
unknown_family,lure,hm_shad_85f_003_lq,Balsa Shad 85F-003,Handmade,,
unknown_family,lure,hm_shad_85f_003_mq,Balsa Shad 85F-003,Handmade,,
unknown_family,lure,hm_shad_85f_004_hq,Balsa Shad 85F-004,Handmade,,
unknown_family,lure,hm_shad_85f_004_lq,Balsa Shad 85F-004,Handmade,,
unknown_family,lure,hm_shad_85f_004_mq,Balsa Shad 85F-004,Handmade,,
unknown_family,lure,hm_shad_85f_005_hq,Balsa Shad 85F-005,Handmade,,
unknown_family,lure,hm_shad_85f_005_lq,Balsa Shad 85F-005,Handmade,,
unknown_family,lure,hm_shad_85f_005_mq,Balsa Shad 85F-005,Handmade,,
unknown_family,lure,hm_shad_85f_006_hq,Balsa Shad 85F-006,Handmade,,
unknown_family,lure,hm_shad_85f_006_lq,Balsa Shad 85F-006,Handmade,,
unknown_family,lure,hm_shad_85f_006_mq,Balsa Shad 85F-006,Handmade,,
unknown_family,lure,hm_spinner_n1_bl_hq,Вращалка №1 004,Handmade,,
unknown_family,lure,hm_spinner_n1_bl_lq,Вращалка №1 004,Handmade,,
unknown_family,lure,hm_spinner_n1_bl_mq,Вращалка №1 004,Handmade,,
unknown_family,lure,hm_spinner_n1_bra_hq,Вращалка №1 001,Handmade,,
unknown_family,lure,hm_spinner_n1_bra_lq,Вращалка №1 001,Handmade,,
unknown_family,lure,hm_spinner_n1_bra_mq,Вращалка №1 001,Handmade,,
unknown_family,lure,hm_spinner_n1_cop_hq,Вращалка №1 002,Handmade,,
unknown_family,lure,hm_spinner_n1_cop_lq,Вращалка №1 002,Handmade,,
unknown_family,lure,hm_spinner_n1_cop_mq,Вращалка №1 002,Handmade,,
unknown_family,lure,hm_spinner_n1_gsil_hq,Вращалка №1 003,Handmade,,
unknown_family,lure,hm_spinner_n1_gsil_lq,Вращалка №1 003,Handmade,,
unknown_family,lure,hm_spinner_n1_gsil_mq,Вращалка №1 003,Handmade,,
unknown_family,lure,hm_spinner_n1_or_r_hq,Вращалка №1 005,Handmade,,
unknown_family,lure,hm_spinner_n1_or_r_lq,Вращалка №1 005,Handmade,,
unknown_family,lure,hm_spinner_n1_or_r_mq,Вращалка №1 005,Handmade,,
unknown_family,lure,hm_spinner_n1_purp_hq,Вращалка №1 006,Handmade,,
unknown_family,lure,hm_spinner_n1_purp_lq,Вращалка №1 006,Handmade,,
unknown_family,lure,hm_spinner_n1_purp_mq,Вращалка №1 006,Handmade,,
unknown_family,lure,hm_spinner_n3_bl_hq,Вращалка №3 004,Handmade,,
unknown_family,lure,hm_spinner_n3_bl_lq,Вращалка №3 004,Handmade,,
unknown_family,lure,hm_spinner_n3_bl_mq,Вращалка №3 004,Handmade,,
missing_public_name,lure,hm_spinner_n3_body_hq,,,,assets/gfx/lures/handmade_lures/hm_spinner_n3/hm_spinner_n3_body_hq.prefab
missing_public_name,lure,hm_spinner_n3_body_lq,,,,assets/gfx/lures/handmade_lures/hm_spinner_n3/hm_spinner_n3_body_lq.prefab
missing_public_name,lure,hm_spinner_n3_body_mq,,,,assets/gfx/lures/handmade_lures/hm_spinner_n3/hm_spinner_n3_body_mq.prefab
unknown_family,lure,hm_spinner_n3_bra_hq,Вращалка №3 001,Handmade,,
unknown_family,lure,hm_spinner_n3_bra_lq,Вращалка №3 001,Handmade,,
unknown_family,lure,hm_spinner_n3_bra_mq,Вращалка №3 001,Handmade,,
unknown_family,lure,hm_spinner_n3_cop_hq,Вращалка №3 002,Handmade,,
unknown_family,lure,hm_spinner_n3_cop_lq,Вращалка №3 002,Handmade,,
unknown_family,lure,hm_spinner_n3_cop_mq,Вращалка №3 002,Handmade,,
unknown_family,lure,hm_spinner_n3_gsil_hq,Вращалка №3 003,Handmade,,
unknown_family,lure,hm_spinner_n3_gsil_lq,Вращалка №3 003,Handmade,,
unknown_family,lure,hm_spinner_n3_gsil_mq,Вращалка №3 003,Handmade,,
unknown_family,lure,hm_spinner_n3_or_r_hq,Вращалка №3 005,Handmade,,
unknown_family,lure,hm_spinner_n3_or_r_lq,Вращалка №3 005,Handmade,,
unknown_family,lure,hm_spinner_n3_or_r_mq,Вращалка №3 005,Handmade,,
unknown_family,lure,hm_spinner_n3_purp_hq,Вращалка №3 006,Handmade,,
unknown_family,lure,hm_spinner_n3_purp_lq,Вращалка №3 006,Handmade,,
unknown_family,lure,hm_spinner_n3_purp_mq,Вращалка №3 006,Handmade,,
unknown_family,lure,hm_spoon_mos_hq,Московская №2,Handmade,,
unknown_family,lure,hm_spoon_mos_lq,Московская №2,Handmade,,
unknown_family,lure,hm_spoon_mos_mq,Московская №2,Handmade,,
unknown_family,lure,hm_spoon_nov_hq,Новгородская №2,Handmade,,
unknown_family,lure,hm_spoon_nov_lq,Новгородская №2,Handmade,,
unknown_family,lure,hm_spoon_nov_mq,Новгородская №2,Handmade,,
unknown_family,lure,hm_spoon_nv_pe_hq,Нижневолжская окуневая,Handmade,,
unknown_family,lure,hm_spoon_nv_pe_lq,Нижневолжская окуневая,Handmade,,
unknown_family,lure,hm_spoon_nv_pe_mq,Нижневолжская окуневая,Handmade,,
unknown_family,lure,hm_spoon_nv_pi_hq,Нижневолжская щучья,Handmade,,
unknown_family,lure,hm_spoon_nv_pi_lq,Нижневолжская щучья,Handmade,,
unknown_family,lure,hm_spoon_nv_pi_mq,Нижневолжская щучья,Handmade,,
unknown_family,lure,hm_spoon_s_pe_hq,Сердобская окуневая,Handmade,,
unknown_family,lure,hm_spoon_s_pe_lq,Сердобская окуневая,Handmade,,
unknown_family,lure,hm_spoon_s_pe_mq,Сердобская окуневая,Handmade,,
unknown_family,lure,hm_spoon_s_pi_hq,Сердобская щучья,Handmade,,
unknown_family,lure,hm_spoon_s_pi_lq,Сердобская щучья,Handmade,,
unknown_family,lure,hm_spoon_s_pi_mq,Сердобская щучья,Handmade,,
unknown_family,lure,hm_spoon_sud_hq,Судаковая №2,Handmade,,
unknown_family,lure,hm_spoon_sud_lq,Судаковая №2,Handmade,,
unknown_family,lure,hm_spoon_sud_mq,Судаковая №2,Handmade,,
unknown_family,lure,hm_spoon_ws_r_bl_hq,Западносибирская К 004,Handmade,,
unknown_family,lure,hm_spoon_ws_r_bl_lq,Западносибирская К 004,Handmade,,
unknown_family,lure,hm_spoon_ws_r_bl_mq,Западносибирская К 004,Handmade,,
unknown_family,lure,hm_spoon_ws_r_bra_hq,Западносибирская К 001,Handmade,,
unknown_family,lure,hm_spoon_ws_r_bra_lq,Западносибирская К 001,Handmade,,
unknown_family,lure,hm_spoon_ws_r_bra_mq,Западносибирская К 001,Handmade,,
unknown_family,lure,hm_spoon_ws_r_cop_hq,Западносибирская К 002,Handmade,,
unknown_family,lure,hm_spoon_ws_r_cop_lq,Западносибирская К 002,Handmade,,
unknown_family,lure,hm_spoon_ws_r_cop_mq,Западносибирская К 002,Handmade,,
unknown_family,lure,hm_spoon_ws_r_gsil_hq,Западносибирская К 003,Handmade,,
unknown_family,lure,hm_spoon_ws_r_gsil_lq,Западносибирская К 003,Handmade,,
unknown_family,lure,hm_spoon_ws_r_gsil_mq,Западносибирская К 003,Handmade,,
unknown_family,lure,hm_spoon_ws_r_or_hq,Западносибирская К 005,Handmade,,
unknown_family,lure,hm_spoon_ws_r_or_lq,Западносибирская К 005,Handmade,,
unknown_family,lure,hm_spoon_ws_r_or_mq,Западносибирская К 005,Handmade,,
unknown_family,lure,hm_spoon_ws_r_purp_hq,Западносибирская К 006,Handmade,,
unknown_family,lure,hm_spoon_ws_r_purp_lq,Западносибирская К 006,Handmade,,
unknown_family,lure,hm_spoon_ws_r_purp_mq,Западносибирская К 006,Handmade,,
unknown_family,lure,hm_spoon_wsb_r_bl_hq,Западносибирская К-Б 004,Handmade,,
unknown_family,lure,hm_spoon_wsb_r_bl_lq,Западносибирская К-Б 004,Handmade,,
unknown_family,lure,hm_spoon_wsb_r_bl_mq,Западносибирская К-Б 004,Handmade,,
unknown_family,lure,hm_spoon_wsb_r_bra_hq,Западносибирская К-Б 001,Handmade,,
unknown_family,lure,hm_spoon_wsb_r_bra_lq,Западносибирская К-Б 001,Handmade,,
unknown_family,lure,hm_spoon_wsb_r_bra_mq,Западносибирская К-Б 001,Handmade,,
unknown_family,lure,hm_spoon_wsb_r_cop_hq,Западносибирская К-Б 002,Handmade,,
unknown_family,lure,hm_spoon_wsb_r_cop_lq,Западносибирская К-Б 002,Handmade,,
unknown_family,lure,hm_spoon_wsb_r_cop_mq,Западносибирская К-Б 002,Handmade,,
unknown_family,lure,hm_spoon_wsb_r_gsil_hq,Западносибирская К-Б 003,Handmade,,
unknown_family,lure,hm_spoon_wsb_r_gsil_lq,Западносибирская К-Б 003,Handmade,,
unknown_family,lure,hm_spoon_wsb_r_gsil_mq,Западносибирская К-Б 003,Handmade,,
unknown_family,lure,hm_spoon_wsb_r_or_hq,Западносибирская К-Б 005,Handmade,,
unknown_family,lure,hm_spoon_wsb_r_or_lq,Западносибирская К-Б 005,Handmade,,
unknown_family,lure,hm_spoon_wsb_r_or_mq,Западносибирская К-Б 005,Handmade,,
unknown_family,lure,hm_spoon_wsb_r_purp_hq,Западносибирская К-Б 006,Handmade,,
unknown_family,lure,hm_spoon_wsb_r_purp_lq,Западносибирская К-Б 006,Handmade,,
unknown_family,lure,hm_spoon_wsb_r_purp_mq,Западносибирская К-Б 006,Handmade,,
unknown_family,lure,hm_spoon_ws_bl_hq,Западносибирская Ф 004,Handmade,,
unknown_family,lure,hm_spoon_ws_bl_lq,Западносибирская Ф 004,Handmade,,
unknown_family,lure,hm_spoon_ws_bl_mq,Западносибирская Ф 004,Handmade,,
unknown_family,lure,hm_spoon_ws_bra_hq,Западносибирская Ф 001,Handmade,,
unknown_family,lure,hm_spoon_ws_bra_lq,Западносибирская Ф 001,Handmade,,
unknown_family,lure,hm_spoon_ws_bra_mq,Западносибирская Ф 001,Handmade,,
unknown_family,lure,hm_spoon_ws_cop_hq,Западносибирская Ф 002,Handmade,,
unknown_family,lure,hm_spoon_ws_cop_lq,Западносибирская Ф 002,Handmade,,
unknown_family,lure,hm_spoon_ws_cop_mq,Западносибирская Ф 002,Handmade,,
unknown_family,lure,hm_spoon_ws_gsil_hq,Западносибирская Ф 003,Handmade,,
unknown_family,lure,hm_spoon_ws_gsil_lq,Западносибирская Ф 003,Handmade,,
unknown_family,lure,hm_spoon_ws_gsil_mq,Западносибирская Ф 003,Handmade,,
unknown_family,lure,hm_spoon_ws_or_r_hq,Западносибирская Ф 005,Handmade,,
unknown_family,lure,hm_spoon_ws_or_r_lq,Западносибирская Ф 005,Handmade,,
unknown_family,lure,hm_spoon_ws_or_r_mq,Западносибирская Ф 005,Handmade,,
unknown_family,lure,hm_spoon_ws_purp_hq,Западносибирская Ф 006,Handmade,,
unknown_family,lure,hm_spoon_ws_purp_lq,Западносибирская Ф 006,Handmade,,
unknown_family,lure,hm_spoon_ws_purp_mq,Западносибирская Ф 006,Handmade,,
unknown_family,lure,hm_spoon_wsb_bl_hq,Западносибирская Ф-Б 004,Handmade,,
unknown_family,lure,hm_spoon_wsb_bl_lq,Западносибирская Ф-Б 004,Handmade,,
unknown_family,lure,hm_spoon_wsb_bl_mq,Западносибирская Ф-Б 004,Handmade,,
unknown_family,lure,hm_spoon_wsb_bra_hq,Западносибирская Ф-Б 001,Handmade,,
unknown_family,lure,hm_spoon_wsb_bra_lq,Западносибирская Ф-Б 001,Handmade,,
unknown_family,lure,hm_spoon_wsb_bra_mq,Западносибирская Ф-Б 001,Handmade,,
unknown_family,lure,hm_spoon_wsb_cop_hq,Западносибирская Ф-Б 002,Handmade,,
unknown_family,lure,hm_spoon_wsb_cop_lq,Западносибирская Ф-Б 002,Handmade,,
unknown_family,lure,hm_spoon_wsb_cop_mq,Западносибирская Ф-Б 002,Handmade,,
unknown_family,lure,hm_spoon_wsb_gsil_hq,Западносибирская Ф-Б 003,Handmade,,
unknown_family,lure,hm_spoon_wsb_gsil_lq,Западносибирская Ф-Б 003,Handmade,,
unknown_family,lure,hm_spoon_wsb_gsil_mq,Западносибирская Ф-Б 003,Handmade,,
unknown_family,lure,hm_spoon_wsb_or_r_hq,Западносибирская Ф-Б 005,Handmade,,
unknown_family,lure,hm_spoon_wsb_or_r_lq,Западносибирская Ф-Б 005,Handmade,,
unknown_family,lure,hm_spoon_wsb_or_r_mq,Западносибирская Ф-Б 005,Handmade,,
unknown_family,lure,hm_spoon_wsb_purp_hq,Западносибирская Ф-Б 006,Handmade,,
unknown_family,lure,hm_spoon_wsb_purp_lq,Западносибирская Ф-Б 006,Handmade,,
unknown_family,lure,hm_spoon_wsb_purp_mq,Западносибирская Ф-Б 006,Handmade,,
unknown_family,lure,old_spoonlure,Старая блесна,Handmade,,
unknown_family,lure,old_spinnerlure,Старая вертушка,soviet,,
missing_public_name,lure,test_fly,,,,assets/gfx/lures/test/test_fly_4/model/test_fly.prefab
unknown_family,lure,softplastic_g_2019,Lynns Twister 30-001,lynns,,
unknown_family,lure,softplastic_g_2020,Lynns Twister 30-002,lynns,,
unknown_family,lure,softplastic_g_2021,Lynns Twister 30-003,lynns,,
unknown_family,lure,softplastic_g_2022,Lynns Twister 30-004,lynns,,
unknown_family,lure,softplastic_g_2023,Lynns Twister 30-005,lynns,,
unknown_family,lure,softplastic_g_2024,Lynns Twister 30-006,lynns,,
unknown_family,lure,softplastic_g_2025,Lynns Twister 30-007,lynns,,
unknown_family,lure,softplastic_g_2026,Lynns Twister 30-008,lynns,,
unknown_family,lure,softplastic_g_2027,Lynns Twister 30-009,lynns,,
unknown_family,lure,softplastic_g_2028,Lynns Twister 70-001,lynns,,
unknown_family,lure,softplastic_g_2029,Lynns Twister 70-002,lynns,,
unknown_family,lure,softplastic_g_2030,Lynns Twister 70-003,lynns,,
unknown_family,lure,softplastic_g_2031,Lynns Twister 70-004,lynns,,
unknown_family,lure,softplastic_g_2032,Lynns Twister 70-005,lynns,,
unknown_family,lure,softplastic_g_2033,Lynns Twister 70-006,lynns,,
unknown_family,lure,softplastic_g_2034,Lynns Twister 70-007,lynns,,
unknown_family,lure,softplastic_g_2035,Lynns Twister 70-008,lynns,,
unknown_family,lure,softplastic_g_2036,Lynns Twister 70-009,lynns,,
unknown_family,lure,softplastic_g_2037,Lynns Twister 110-001,lynns,,
unknown_family,lure,softplastic_g_2038,Lynns Twister 110-002,lynns,,
unknown_family,lure,softplastic_g_2039,Lynns Twister 110-003,lynns,,
unknown_family,lure,softplastic_g_2040,Lynns Twister 110-004,lynns,,
unknown_family,lure,softplastic_g_2041,Lynns Twister 110-005,lynns,,
unknown_family,lure,softplastic_g_2042,Lynns Twister 110-006,lynns,,
unknown_family,lure,softplastic_g_2043,Lynns Twister 110-007,lynns,,
unknown_family,lure,softplastic_g_2044,Lynns Twister 110-008,lynns,,
unknown_family,lure,softplastic_g_2045,Lynns Twister 110-009,lynns,,
unknown_family,lure,softplastic_m_1888,Lynns Huge Minnow 120-001,lynns,,
unknown_family,lure,softplastic_m_1889,Lynns Huge Minnow 120-002,lynns,,
unknown_family,lure,softplastic_m_1890,Lynns Huge Minnow 120-003,lynns,,
unknown_family,lure,softplastic_m_1891,Lynns Huge Minnow 120-004,lynns,,
unknown_family,lure,softplastic_m_1892,Lynns Huge Minnow 120-005,lynns,,
unknown_family,lure,softplastic_m_1893,Lynns Huge Minnow 120-006,lynns,,
unknown_family,lure,softplastic_m_1894,Lynns Huge Minnow 120-007,lynns,,
unknown_family,lure,softplastic_m_1895,Lynns Huge Minnow 120-008,lynns,,
unknown_family,lure,softplastic_m_1896,Lynns Huge Minnow 120-009,lynns,,
unknown_family,lure,softplastic_m_1897,Lynns Huge Minnow 120-010,lynns,,
unknown_family,lure,softplastic_m_1944,Lynns Minnow 40-001,lynns,,
unknown_family,lure,softplastic_m_1945,Lynns Minnow 40-002,lynns,,
unknown_family,lure,softplastic_m_1946,Lynns Minnow 40-003,lynns,,
unknown_family,lure,softplastic_m_1947,Lynns Minnow 40-004,lynns,,
unknown_family,lure,softplastic_m_1948,Lynns Minnow 40-005,lynns,,
unknown_family,lure,softplastic_m_1949,Lynns Minnow 40-006,lynns,,
unknown_family,lure,softplastic_m_1950,Lynns Minnow 40-007,lynns,,
unknown_family,lure,softplastic_m_1951,Lynns Minnow 40-008,lynns,,
unknown_family,lure,softplastic_m_1952,Lynns Minnow 40-009,lynns,,
unknown_family,lure,softplastic_m_1953,Lynns Minnow 80-001,lynns,,
unknown_family,lure,softplastic_m_1954,Lynns Minnow 80-002,lynns,,
unknown_family,lure,softplastic_m_1955,Lynns Minnow 80-003,lynns,,
unknown_family,lure,softplastic_m_1956,Lynns Minnow 80-004,lynns,,
unknown_family,lure,softplastic_m_1957,Lynns Minnow 80-005,lynns,,
unknown_family,lure,softplastic_m_1958,Lynns Minnow 80-006,lynns,,
unknown_family,lure,softplastic_m_1959,Lynns Minnow 80-007,lynns,,
unknown_family,lure,softplastic_m_1960,Lynns Minnow 80-008,lynns,,
unknown_family,lure,softplastic_m_1961,Lynns Minnow 80-009,lynns,,
unknown_family,lure,plug_lc_1631,PS crank C1,syberia,,
unknown_family,lure,plug_lc_1632,PS crank C2,syberia,,
unknown_family,lure,plug_lc_1633,PS crank C3,syberia,,
unknown_family,lure,plug_lc_1634,PS crank C4,syberia,,
unknown_family,lure,plug_lc_1635,PS crank C5,syberia,,
unknown_family,lure,plug_m_1624,Humpy C1,syberia,,
unknown_family,lure,plug_m_1625,Humpy C2,syberia,,
unknown_family,lure,plug_m_1626,Humpy C3,syberia,,
unknown_family,lure,plug_m_1627,Humpy C4,syberia,,
unknown_family,lure,plug_m_1628,Humpy C5,syberia,,
unknown_family,lure,plug_m_1629,Humpy C6,syberia,,
unknown_family,lure,plug_m_1630,Humpy C7,syberia,,
unknown_family,lure,plug_m_1914,Snatcher-S001,ylin_uistin,,
unknown_family,lure,plug_m_1915,Snatcher-S002,ylin_uistin,,
unknown_family,lure,plug_m_1916,Snatcher-S003,ylin_uistin,,
unknown_family,lure,plug_m_1917,Snatcher-S004,ylin_uistin,,
unknown_family,lure,plug_m_1918,Snatcher-S005,ylin_uistin,,
unknown_family,lure,plug_m_1919,Snatcher-S006,ylin_uistin,,
unknown_family,lure,plug_m_1920,Snatcher-S007,ylin_uistin,,
unknown_family,lure,plug_m_1921,Snatcher-S008,ylin_uistin,,
unknown_family,lure,plug_m_1922,Snatcher-S009,ylin_uistin,,
unknown_family,lure,topwater_1961,Orig Walker-001,ylin_uistin,,
unknown_family,lure,topwater_1962,Orig Walker-002,ylin_uistin,,
unknown_family,lure,topwater_1963,Orig Walker-003,ylin_uistin,,
unknown_family,lure,topwater_1964,Orig Walker-004,ylin_uistin,,
unknown_family,lure,topwater_1965,Orig Walker-005,ylin_uistin,,
unknown_family,lure,topwater_1966,Orig Walker-006,ylin_uistin,,
unknown_family,lure,topwater_1967,Orig Walker-007,ylin_uistin,,
unknown_family,lure,topwater_2024,UL Popper-001,ylin_uistin,,
unknown_family,lure,topwater_2025,UL Popper-002,ylin_uistin,,
unknown_family,lure,topwater_2026,UL Popper-003,ylin_uistin,,
unknown_family,lure,topwater_2027,UL Popper-004,ylin_uistin,,
unknown_family,lure,topwater_2028,UL Popper-005,ylin_uistin,,
unknown_family,lure,topwater_2029,UL Popper-006,ylin_uistin,,
unknown_family,lure,plug_m_1752,Terminator SD10-001,zeiman,,
unknown_family,lure,plug_m_1753,Terminator SD10-002,zeiman,,
unknown_family,lure,plug_m_1754,Terminator SD10-003,zeiman,,
unknown_family,lure,plug_m_1755,Terminator SD10-004,zeiman,,
unknown_family,lure,plug_m_1756,Terminator SD10-005,zeiman,,
unknown_family,lure,plug_m_1757,Terminator SD10-006,zeiman,,
unknown_family,lure,plug_m_1758,Terminator SD10-007,zeiman,,
unknown_family,lure,plug_m_1816,Terminator SD14-001,zeiman,,
unknown_family,lure,plug_m_1817,Terminator SD14-002,zeiman,,
unknown_family,lure,plug_m_1818,Terminator SD14-003,zeiman,,
unknown_family,lure,plug_m_1819,Terminator SD14-004,zeiman,,
unknown_family,lure,plug_m_1820,Terminator SD14-005,zeiman,,
unknown_family,lure,plug_m_1821,Terminator SD14-006,zeiman,,
unknown_family,lure,plug_m_1822,Terminator SD14-007,zeiman,,