fishId,fishName,cardSystemId,catalogName,imageFile,match,imagePath,photoUrl
263,Акула гигантская,card_cetorhinus_m,Акула гигантская,cetorhinus_m_b.png,normalized_exact,C:\Users\danil\Desktop\rr4\RepeatAllFilesCopy\AssetRipper_export_20260621_111439\Assets\Resources\previews\cetorhinus_m_b.png,/uploads/fish/cetorhinus_m_b.png
250,Акула гренландская полярная,card_somniosus_m,Акула гренландская полярная,somniosus_m_b.png,normalized_exact,C:\Users\danil\Desktop\rr4\RepeatAllFilesCopy\AssetRipper_export_20260621_111439\Assets\Resources\previews\somniosus_m_b.png,/uploads/fish/somniosus_m_b.png
268,Акула плащеносная,card_c_anguineus,Акула плащеносная,c_anguineus_b.png,normalized_exact,C:\Users\danil\Desktop\rr4\RepeatAllFilesCopy\AssetRipper_export_20260621_111439\Assets\Resources\previews\c_anguineus_b.png,/uploads/fish/c_anguineus_b.png
243,Акула сельдевая атлантическая,card_lamna_n,Акула сельдевая атлантическая,lamna_n_b.png,normalized_exact,C:\Users\danil\Desktop\rr4\RepeatAllFilesCopy\AssetRipper_export_20260621_111439\Assets\Resources\previews\lamna_n_b.png,/uploads/fish/lamna_n_b.png
4,Амур белый,card_g_carp,Амур белый,g_carp_b.png,normalized_exact,C:\Users\danil\Desktop\rr4\RepeatAllFilesCopy\AssetRipper_export_20260621_111439\Assets\Resources\previews\g_carp_b.png,/uploads/fish/g_carp_b.png
93,Амур белый альбинос,card_g_carp_albino,Амур белый альбинос,g_carp_albino_b.png,normalized_exact,C:\Users\danil\Desktop\rr4\RepeatAllFilesCopy\AssetRipper_export_20260621_111439\Assets\Resources\previews\g_carp_albino_b.png,/uploads/fish/g_carp_albino_b.png
72,Амур чёрный,card_b_carp,Амур чёрный,b_carp_b.png,normalized_exact,C:\Users\danil\Desktop\rr4\RepeatAllFilesCopy\AssetRipper_export_20260621_111439\Assets\Resources\previews\b_carp_b.png,/uploads/fish/b_carp_b.png
48,Белоглазка,card_wa_bream,Белоглазка,wa_bream_b.png,normalized_exact,C:\Users\danil\Desktop\rr4\RepeatAllFilesCopy\AssetRipper_export_20260621_111439\Assets\Resources\previews\wa_bream_b.png,/uploads/fish/wa_bream_b.png
156,Белорыбица,card_wfish,Белорыбица,wfish_b.png,normalized_exact,C:\Users\danil\Desktop\rr4\RepeatAllFilesCopy\AssetRipper_export_20260621_111439\Assets\Resources\previews\wfish_b.png,/uploads/fish/wfish_b.png
158,Белуга каспийская,card_beluga,Белуга каспийская,beluga_b.png,normalized_exact,C:\Users\danil\Desktop\rr4\RepeatAllFilesCopy\AssetRipper_export_20260621_111439\Assets\Resources\previews\beluga_b.png,/uploads/fish/beluga_b.png
109,Белуга черноморская,card_ch_beluga,Белуга черноморская,ch_beluga_b.png,normalized_exact,C:\Users\danil\Desktop\rr4\RepeatAllFilesCopy\AssetRipper_export_20260621_111439\Assets\Resources\previews\ch_beluga_b.png,/uploads/fish/ch_beluga_b.png
230,Бельдюга европейская,card_zoarces_v,Бельдюга европейская,zoarces_v_b.png,normalized_exact,C:\Users\danil\Desktop\rr4\RepeatAllFilesCopy\AssetRipper_export_20260621_111439\Assets\Resources\previews\zoarces_v_b.png,/uploads/fish/zoarces_v_b.png
265,Берикс красный,card_alfonsino,Берикс красный,alfonsino_b.png,normalized_exact,C:\Users\danil\Desktop\rr4\RepeatAllFilesCopy\AssetRipper_export_20260621_111439\Assets\Resources\previews\alfonsino_b.png,/uploads/fish/alfonsino_b.png
53,Берш,card_barsch,Берш,barsch_b.png,normalized_exact,C:\Users\danil\Desktop\rr4\RepeatAllFilesCopy\AssetRipper_export_20260621_111439\Assets\Resources\previews\barsch_b.png,/uploads/fish/barsch_b.png
147,Буффало большеротый,card_buffalo,Буффало большеротый,buffalo_b.png,normalized_exact,C:\Users\danil\Desktop\rr4\RepeatAllFilesCopy\AssetRipper_export_20260621_111439\Assets\Resources\previews\buffalo_b.png,/uploads/fish/buffalo_b.png
160,Буффало чёрный,card_bl_buffalo,Буффало черный,bl_buffalo_b.png,normalized_exact,C:\Users\danil\Desktop\rr4\RepeatAllFilesCopy\AssetRipper_export_20260621_111439\Assets\Resources\previews\bl_buffalo_b.png,/uploads/fish/bl_buffalo_b.png
187,Валёк,card_valyok,Валек обыкновенный,valyok_b.png,alias,C:\Users\danil\Desktop\rr4\RepeatAllFilesCopy\AssetRipper_export_20260621_111439\Assets\Resources\previews\valyok_b.png,/uploads/fish/valyok_b.png
27,Вармоус,card_warm,Вармоус,warm_b.png,normalized_exact,C:\Users\danil\Desktop\rr4\RepeatAllFilesCopy\AssetRipper_export_20260621_111439\Assets\Resources\previews\warm_b.png,/uploads/fish/warm_b.png
149,Вобла,card_vobla,Вобла,vobla_b.png,normalized_exact,C:\Users\danil\Desktop\rr4\RepeatAllFilesCopy\AssetRipper_export_20260621_111439\Assets\Resources\previews\vobla_b.png,/uploads/fish/vobla_b.png
108,Вырезуб,card_vyrezub,Вырезуб,vyrezub_b.png,normalized_exact,C:\Users\danil\Desktop\rr4\RepeatAllFilesCopy\AssetRipper_export_20260621_111439\Assets\Resources\previews\vyrezub_b.png,/uploads/fish/vyrezub_b.png
7,Вьюн,card_vjun,Вьюн,vjun_b.png,normalized_exact,C:\Users\danil\Desktop\rr4\RepeatAllFilesCopy\AssetRipper_export_20260621_111439\Assets\Resources\previews\vjun_b.png,/uploads/fish/vjun_b.png
271,Гимантолоф атлантический,card_himant_g,Гимантолоф атлантический,himant_g_b.png,normalized_exact,C:\Users\danil\Desktop\rr4\RepeatAllFilesCopy\AssetRipper_export_20260621_111439\Assets\Resources\previews\himant_g_b.png,/uploads/fish/himant_g_b.png
19,Голавль,card_e_chub,Голавль,e.chub_b.png,normalized_exact,C:\Users\danil\Desktop\rr4\RepeatAllFilesCopy\AssetRipper_export_20260621_111439\Assets\Resources\previews\e.chub_b.png,/uploads/fish/e.chub_b.png
87,Голец арктический,card_a_char,Голец Арктический,a_char_b.png,normalized_exact,C:\Users\danil\Desktop\rr4\RepeatAllFilesCopy\AssetRipper_export_20260621_111439\Assets\Resources\previews\a_char_b.png,/uploads/fish/a_char_b.png
188,Голец Дрягина,card_dr_char,Голец Дрягина,dr_char_b.png,normalized_exact,C:\Users\danil\Desktop\rr4\RepeatAllFilesCopy\AssetRipper_export_20260621_111439\Assets\Resources\previews\dr_char_b.png,/uploads/fish/dr_char_b.png
84,Голец Куорский,card_chartus_kuoriius,Голец Куорский,chartus_kuoriius_b.png,normalized_exact,C:\Users\danil\Desktop\rr4\RepeatAllFilesCopy\AssetRipper_export_20260621_111439\Assets\Resources\previews\chartus_kuoriius_b.png,/uploads/fish/chartus_kuoriius_b.png
208,Голец Леванидова,card_golets_lev,Голец Леванидова,golets_lev_b.png,normalized_exact,C:\Users\danil\Desktop\rr4\RepeatAllFilesCopy\AssetRipper_export_20260621_111439\Assets\Resources\previews\golets_lev_b.png,/uploads/fish/golets_lev_b.png
194,Голец сибирский-усач,card_barb_toni,Голец сибирский-усач,barb_toni_b.png,normalized_exact,C:\Users\danil\Desktop\rr4\RepeatAllFilesCopy\AssetRipper_export_20260621_111439\Assets\Resources\previews\barb_toni_b.png,/uploads/fish/barb_toni_b.png
86,Гольян,card_golyan,Гольян,golyan_b.png,normalized_exact,C:\Users\danil\Desktop\rr4\RepeatAllFilesCopy\AssetRipper_export_20260621_111439\Assets\Resources\previews\golyan_b.png,/uploads/fish/golyan_b.png
178,Гольян озёрный,card_l_minnow,Гольян озерный,l_minnow_b.png,normalized_exact,C:\Users\danil\Desktop\rr4\RepeatAllFilesCopy\AssetRipper_export_20260621_111439\Assets\Resources\previews\l_minnow_b.png,/uploads/fish/l_minnow_b.png
184,Горбуша,card_gorbusha,Горбуша,gorbusha_b.png,normalized_exact,C:\Users\danil\Desktop\rr4\RepeatAllFilesCopy\AssetRipper_export_20260621_111439\Assets\Resources\previews\gorbusha_b.png,/uploads/fish/gorbusha_b.png
38,Горбыль речной,card_fwdrum,Горбыль речной,fwdrum_b.png,normalized_exact,C:\Users\danil\Desktop\rr4\RepeatAllFilesCopy\AssetRipper_export_20260621_111439\Assets\Resources\previews\fwdrum_b.png,/uploads/fish/fwdrum_b.png
257,Горбыль серебристый,card_meagre,Горбыль серебристый,meagre_b.png,normalized_exact,C:\Users\danil\Desktop\rr4\RepeatAllFilesCopy\AssetRipper_export_20260621_111439\Assets\Resources\previews\meagre_b.png,/uploads/fish/meagre_b.png
251,Гребешок исландский,card_chlamys_isl,Гребешок исландский,chlamys_isl_b.png,normalized_exact,C:\Users\danil\Desktop\rr4\RepeatAllFilesCopy\AssetRipper_export_20260621_111439\Assets\Resources\previews\chlamys_isl_b.png,/uploads/fish/chlamys_isl_b.png
21,Густера,card_s_bream,Густера,s.bream_b.png,normalized_exact,C:\Users\danil\Desktop\rr4\RepeatAllFilesCopy\AssetRipper_export_20260621_111439\Assets\Resources\previews\s.bream_b.png,/uploads/fish/s.bream_b.png
29,Доросома северная,card_g_shad,Доросома северная,g_shad_b.png,normalized_exact,C:\Users\danil\Desktop\rr4\RepeatAllFilesCopy\AssetRipper_export_20260621_111439\Assets\Resources\previews\g_shad_b.png,/uploads/fish/g_shad_b.png
54,Дрейссена речная,card_dreissena,Речная дрейссена,dreissena_b.png,alias,C:\Users\danil\Desktop\rr4\RepeatAllFilesCopy\AssetRipper_export_20260621_111439\Assets\Resources\previews\dreissena_b.png,/uploads/fish/dreissena_b.png
50,Елец,card_dace,Елец,dace_b.png,normalized_exact,C:\Users\danil\Desktop\rr4\RepeatAllFilesCopy\AssetRipper_export_20260621_111439\Assets\Resources\previews\dace_b.png,/uploads/fish/dace_b.png
180,Елец сибирский,card_syb_elets,Елец сибирский,syb_elets_b.png,normalized_exact,C:\Users\danil\Desktop\rr4\RepeatAllFilesCopy\AssetRipper_export_20260621_111439\Assets\Resources\previews\syb_elets_b.png,/uploads/fish/syb_elets_b.png
8,Ёрш,card_ruffe,Ерш,ruffe_b.png,normalized_exact,C:\Users\danil\Desktop\rr4\RepeatAllFilesCopy\AssetRipper_export_20260621_111439\Assets\Resources\previews\ruffe_b.png,/uploads/fish/ruffe_b.png
47,Ёрш-носарь,card_ruffe_n,Ёрш-носарь,ruffe_n_b.png,normalized_exact,C:\Users\danil\Desktop\rr4\RepeatAllFilesCopy\AssetRipper_export_20260621_111439\Assets\Resources\previews\ruffe_n_b.png,/uploads/fish/ruffe_n_b.png
58,Жерех,card_asp,Жерех,asp_b.png,normalized_exact,C:\Users\danil\Desktop\rr4\RepeatAllFilesCopy\AssetRipper_export_20260621_111439\Assets\Resources\previews\asp_b.png,/uploads/fish/asp_b.png
227,Зубатка полосатая,card_p_zubatka,Зубатка полосатая,p_zubatka_b.png,normalized_exact,C:\Users\danil\Desktop\rr4\RepeatAllFilesCopy\AssetRipper_export_20260621_111439\Assets\Resources\previews\p_zubatka_b.png,/uploads/fish/p_zubatka_b.png
235,Зубатка пятнистая,card_m_zubatka,Зубатка пятнистая,m_zubatka_b.png,normalized_exact,C:\Users\danil\Desktop\rr4\RepeatAllFilesCopy\AssetRipper_export_20260621_111439\Assets\Resources\previews\m_zubatka_b.png,/uploads/fish/m_zubatka_b.png
264,Зубатка синяя,card_d_zubatka,Зубатка синяя,d_zubatka_b.png,normalized_exact,C:\Users\danil\Desktop\rr4\RepeatAllFilesCopy\AssetRipper_export_20260621_111439\Assets\Resources\previews\d_zubatka_b.png,/uploads/fish/d_zubatka_b.png
213,Калуга,card_kaluga,Калуга,kaluga_b.png,normalized_exact,C:\Users\danil\Desktop\rr4\RepeatAllFilesCopy\AssetRipper_export_20260621_111439\Assets\Resources\previews\kaluga_b.png,/uploads/fish/kaluga_b.png
238,Кальмар обыкновенный,card_c_squid,Кальмар обыкновенный,c_squid_b.png,normalized_exact,C:\Users\danil\Desktop\rr4\RepeatAllFilesCopy\AssetRipper_export_20260621_111439\Assets\Resources\previews\c_squid_b.png,/uploads/fish/c_squid_b.png
223,Камбала морская,card_sea_kambala,Камбала морская,sea_kambala_b.png,normalized_exact,C:\Users\danil\Desktop\rr4\RepeatAllFilesCopy\AssetRipper_export_20260621_111439\Assets\Resources\previews\sea_kambala_b.png,/uploads/fish/sea_kambala_b.png
236,Камбала палтусовидная,card_hippoglos_p,Камбала палтусовидная,hippoglos_p_b.png,normalized_exact,C:\Users\danil\Desktop\rr4\RepeatAllFilesCopy\AssetRipper_export_20260621_111439\Assets\Resources\previews\hippoglos_p_b.png,/uploads/fish/hippoglos_p_b.png
224,Камбала хоботная,card_lh_kambala,Камбала хоботная,lh_kambala_b.png,normalized_exact,C:\Users\danil\Desktop\rr4\RepeatAllFilesCopy\AssetRipper_export_20260621_111439\Assets\Resources\previews\lh_kambala_b.png,/uploads/fish/lh_kambala_b.png
163,Карасекарп,card_karasekarp,Карасекарп,karasekarp_b.png,normalized_exact,C:\Users\danil\Desktop\rr4\RepeatAllFilesCopy\AssetRipper_export_20260621_111439\Assets\Resources\previews\karasekarp_b.png,/uploads/fish/karasekarp_b.png
5,Карась золотой,card_c_carp,Карась золотой,c.carp_b.png,normalized_exact,C:\Users\danil\Desktop\rr4\RepeatAllFilesCopy\AssetRipper_export_20260621_111439\Assets\Resources\previews\c.carp_b.png,/uploads/fish/c.carp_b.png
11,Карась серебряный,card_crucian,Карась серебряный,crucian_b.png,normalized_exact,C:\Users\danil\Desktop\rr4\RepeatAllFilesCopy\AssetRipper_export_20260621_111439\Assets\Resources\previews\crucian_b.png,/uploads/fish/crucian_b.png
95,Карп голый,card_n_carp,Карп голый,n_carp_b.png,normalized_exact,C:\Users\danil\Desktop\rr4\RepeatAllFilesCopy\AssetRipper_export_20260621_111439\Assets\Resources\previews\n_carp_b.png,/uploads/fish/n_carp_b.png
136,Карп голый - альбинос,card_n_carp_albino,Карп голый альбинос,n_carp_albino_b.png,normalized_exact,C:\Users\danil\Desktop\rr4\RepeatAllFilesCopy\AssetRipper_export_20260621_111439\Assets\Resources\previews\n_carp_albino_b.png,/uploads/fish/n_carp_albino_b.png
131,Карп голый - призрак,card_n_carp_ghost,Карп голый призрак,n_carp_ghost_b.png,normalized_exact,C:\Users\danil\Desktop\rr4\RepeatAllFilesCopy\AssetRipper_export_20260621_111439\Assets\Resources\previews\n_carp_ghost_b.png,/uploads/fish/n_carp_ghost_b.png
172,Карп Динкенбюльский голый,card_din_n_carp,Карп Динкельсбюльский голый,din_n_carp_b.png,alias,C:\Users\danil\Desktop\rr4\RepeatAllFilesCopy\AssetRipper_export_20260621_111439\Assets\Resources\previews\din_n_carp_b.png,/uploads/fish/din_n_carp_b.png
167,Карп Динкенбюльский зеркальный,card_din_m_carp,Карп Динкельсбюльский зеркальный,din_m_carp_b.png,alias,C:\Users\danil\Desktop\rr4\RepeatAllFilesCopy\AssetRipper_export_20260621_111439\Assets\Resources\previews\din_m_carp_b.png,/uploads/fish/din_m_carp_b.png
168,Карп Динкенбюльский линейный,card_din_l_carp,Карп Динкельсбюльский линейный,din_l_carp_b.png,alias,C:\Users\danil\Desktop\rr4\RepeatAllFilesCopy\AssetRipper_export_20260621_111439\Assets\Resources\previews\din_l_carp_b.png,/uploads/fish/din_l_carp_b.png
22,Карп зеркальный,card_m_carp,Карп зеркальный,m_carp_b.png,normalized_exact,C:\Users\danil\Desktop\rr4\RepeatAllFilesCopy\AssetRipper_export_20260621_111439\Assets\Resources\previews\m_carp_b.png,/uploads/fish/m_carp_b.png
137,Карп зеркальный - альбинос,card_m_carp_albino,Карп зеркальный альбинос,m_carp_albino_b.png,normalized_exact,C:\Users\danil\Desktop\rr4\RepeatAllFilesCopy\AssetRipper_export_20260621_111439\Assets\Resources\previews\m_carp_albino_b.png,/uploads/fish/m_carp_albino_b.png
129,Карп зеркальный - призрак,card_m_carp_ghost,Карп зеракльный призрак,m_carp_ghost_b.png,alias,C:\Users\danil\Desktop\rr4\RepeatAllFilesCopy\AssetRipper_export_20260621_111439\Assets\Resources\previews\m_carp_ghost_b.png,/uploads/fish/m_carp_ghost_b.png
171,Карп Кои Ёцусиро,card_yotsushiro,Карп Кои Ёцусиро,yotsushiro_b.png,normalized_exact,C:\Users\danil\Desktop\rr4\RepeatAllFilesCopy\AssetRipper_export_20260621_111439\Assets\Resources\previews\yotsushiro_b.png,/uploads/fish/yotsushiro_b.png
170,Карп Кои Кохаку,card_kohaku,Карп Кои Кохаку,kohaku_b.png,normalized_exact,C:\Users\danil\Desktop\rr4\RepeatAllFilesCopy\AssetRipper_export_20260621_111439\Assets\Resources\previews\kohaku_b.png,/uploads/fish/kohaku_b.png
173,Карп Кои Мамэсибори Госики,card_m_goshiki,Карп Кои Мамэсибори Госики,m_goshiki_b.png,normalized_exact,C:\Users\danil\Desktop\rr4\RepeatAllFilesCopy\AssetRipper_export_20260621_111439\Assets\Resources\previews\m_goshiki_b.png,/uploads/fish/m_goshiki_b.png
18,Карп Кои Мидори-гои,card_midori_g,Карп Кои Мидори-гои,midori_g_b.png,normalized_exact,C:\Users\danil\Desktop\rr4\RepeatAllFilesCopy\AssetRipper_export_20260621_111439\Assets\Resources\previews\midori_g_b.png,/uploads/fish/midori_g_b.png
169,Карп Кои Наруми Асаги,card_n_asagi,Карп Кои Наруми Асаги,n_asagi_b.png,normalized_exact,C:\Users\danil\Desktop\rr4\RepeatAllFilesCopy\AssetRipper_export_20260621_111439\Assets\Resources\previews\n_asagi_b.png,/uploads/fish/n_asagi_b.png
165,Карп Кои Орэндзи Огон,card_o_ogon,Карп Кои Орэндзи Огон,o_ogon_b.png,normalized_exact,C:\Users\danil\Desktop\rr4\RepeatAllFilesCopy\AssetRipper_export_20260621_111439\Assets\Resources\previews\o_ogon_b.png,/uploads/fish/o_ogon_b.png
174,Карп Кои Хи Уцури,card_hi_utsri,Карп Кои Хи Уцури,hi_utsri_b.png,normalized_exact,C:\Users\danil\Desktop\rr4\RepeatAllFilesCopy\AssetRipper_export_20260621_111439\Assets\Resources\previews\hi_utsri_b.png,/uploads/fish/hi_utsri_b.png
128,Карп красный Старвас - зеркальный,card_m_carp_red,Карп старвас зеракльный красный,m_carp_red_b.png,alias,C:\Users\danil\Desktop\rr4\RepeatAllFilesCopy\AssetRipper_export_20260621_111439\Assets\Resources\previews\m_carp_red_b.png,/uploads/fish/m_carp_red_b.png
127,Карп красный Старвас - чешуйчатый,card_carp_red,Карп старвас красный,carp_red_b.png,alias,C:\Users\danil\Desktop\rr4\RepeatAllFilesCopy\AssetRipper_export_20260621_111439\Assets\Resources\previews\carp_red_b.png,/uploads/fish/carp_red_b.png
126,Карп линейный,card_l_carp,Карп линейный,l_carp_b.png,normalized_exact,C:\Users\danil\Desktop\rr4\RepeatAllFilesCopy\AssetRipper_export_20260621_111439\Assets\Resources\previews\l_carp_b.png,/uploads/fish/l_carp_b.png
135,Карп линейный - альбинос,card_l_carp_albino,Карп линейный альбинос,l_carp_albino_b.png,normalized_exact,C:\Users\danil\Desktop\rr4\RepeatAllFilesCopy\AssetRipper_export_20260621_111439\Assets\Resources\previews\l_carp_albino_b.png,/uploads/fish/l_carp_albino_b.png
132,Карп линейный - призрак,card_l_carp_ghost,Карп линейный призрак,l_carp_ghost_b.png,normalized_exact,C:\Users\danil\Desktop\rr4\RepeatAllFilesCopy\AssetRipper_export_20260621_111439\Assets\Resources\previews\l_carp_ghost_b.png,/uploads/fish/l_carp_ghost_b.png
125,Карп рамчатый,card_r_carp,Карп рамчатый,r_carp_b.png,normalized_exact,C:\Users\danil\Desktop\rr4\RepeatAllFilesCopy\AssetRipper_export_20260621_111439\Assets\Resources\previews\r_carp_b.png,/uploads/fish/r_carp_b.png
138,Карп рамчатый - альбинос,card_r_carp_albino,Карп рамчатый альбинос,r_carp_albino_b.png,normalized_exact,C:\Users\danil\Desktop\rr4\RepeatAllFilesCopy\AssetRipper_export_20260621_111439\Assets\Resources\previews\r_carp_albino_b.png,/uploads/fish/r_carp_albino_b.png
133,Карп рамчатый - призрак,card_r_carp_ghost,Карп рамчатый призрак,r_carp_ghost_b.png,normalized_exact,C:\Users\danil\Desktop\rr4\RepeatAllFilesCopy\AssetRipper_export_20260621_111439\Assets\Resources\previews\r_carp_ghost_b.png,/uploads/fish/r_carp_ghost_b.png
166,Карп Супер Фрикс,card_s_freaks,Карп Супер Фрикс,s_freaks_b.png,normalized_exact,C:\Users\danil\Desktop\rr4\RepeatAllFilesCopy\AssetRipper_export_20260621_111439\Assets\Resources\previews\s_freaks_b.png,/uploads/fish/s_freaks_b.png
23,Карп чешуйчатый,card_carp,Карп обыкновенный,carp_b.png,alias,C:\Users\danil\Desktop\rr4\RepeatAllFilesCopy\AssetRipper_export_20260621_111439\Assets\Resources\previews\carp_b.png,/uploads/fish/carp_b.png
134,Карп чешуйчатый - альбинос,card_carp_albino,Карп обыкновенный альбинос,carp_albino_b.png,alias,C:\Users\danil\Desktop\rr4\RepeatAllFilesCopy\AssetRipper_export_20260621_111439\Assets\Resources\previews\carp_albino_b.png,/uploads/fish/carp_albino_b.png
130,Карп чешуйчатый - призрак,card_carp_ghost,Карп обыкновенный призрак,carp_ghost_b.png,alias,C:\Users\danil\Desktop\rr4\RepeatAllFilesCopy\AssetRipper_export_20260621_111439\Assets\Resources\previews\carp_ghost_b.png,/uploads/fish/carp_ghost_b.png
231,Катран,card_katran,Катран,katran_b.png,normalized_exact,C:\Users\danil\Desktop\rr4\RepeatAllFilesCopy\AssetRipper_export_20260621_111439\Assets\Resources\previews\katran_b.png,/uploads/fish/katran_b.png
219,Керчак европейский,card_m_scorpius,Керчак европейский,m_scorpius_b.png,normalized_exact,C:\Users\danil\Desktop\rr4\RepeatAllFilesCopy\AssetRipper_export_20260621_111439\Assets\Resources\previews\m_scorpius_b.png,/uploads/fish/m_scorpius_b.png
198,Кета,card_keta,Кета,keta_b.png,normalized_exact,C:\Users\danil\Desktop\rr4\RepeatAllFilesCopy\AssetRipper_export_20260621_111439\Assets\Resources\previews\keta_b.png,/uploads/fish/keta_b.png
199,Кижуч,card_kijuch,Кижуч,kijuch_b.png,normalized_exact,C:\Users\danil\Desktop\rr4\RepeatAllFilesCopy\AssetRipper_export_20260621_111439\Assets\Resources\previews\kijuch_b.png,/uploads/fish/kijuch_b.png
211,Колюшка девятииглая,card_stickleback_ninesp,Колюшка девятииглая,stickleback_ninesp_b.png,normalized_exact,C:\Users\danil\Desktop\rr4\RepeatAllFilesCopy\AssetRipper_export_20260621_111439\Assets\Resources\previews\stickleback_ninesp_b.png,/uploads/fish/stickleback_ninesp_b.png
151,Колюшка малая южная,card_stickleback_ss,Колюшка малая южная,stickleback_ss_b.png,normalized_exact,C:\Users\danil\Desktop\rr4\RepeatAllFilesCopy\AssetRipper_export_20260621_111439\Assets\Resources\previews\stickleback_ss_b.png,/uploads/fish/stickleback_ss_b.png
118,Колюшка трёхиглая,card_stickleback_threesp,Колюшка трёхиглая,stickleback_threesp_b.png,normalized_exact,C:\Users\danil\Desktop\rr4\RepeatAllFilesCopy\AssetRipper_export_20260621_111439\Assets\Resources\previews\stickleback_threesp_b.png,/uploads/fish/stickleback_threesp_b.png
256,Конгер,card_conger,Конгер,conger_b.png,normalized_exact,C:\Users\danil\Desktop\rr4\RepeatAllFilesCopy\AssetRipper_export_20260621_111439\Assets\Resources\previews\conger_b.png,/uploads/fish/conger_b.png
115,Корюшка,card_e_smelt,Корюшка,e_smelt_b.png,normalized_exact,C:\Users\danil\Desktop\rr4\RepeatAllFilesCopy\AssetRipper_export_20260621_111439\Assets\Resources\previews\e_smelt_b.png,/uploads/fish/e_smelt_b.png
189,Корюшка азиатская,card_a_smelt,Корюшка азиатская,a_smelt_b.png,normalized_exact,C:\Users\danil\Desktop\rr4\RepeatAllFilesCopy\AssetRipper_export_20260621_111439\Assets\Resources\previews\a_smelt_b.png,/uploads/fish/a_smelt_b.png
246,Краб камчатский,card_rk_crab,Краб камчатский,rk_crab_b.png,normalized_exact,C:\Users\danil\Desktop\rr4\RepeatAllFilesCopy\AssetRipper_export_20260621_111439\Assets\Resources\previews\rk_crab_b.png,/uploads/fish/rk_crab_b.png
254,Краб съедобный,card_ed_crab,Краб съедобный,ed_crab_b.png,normalized_exact,C:\Users\danil\Desktop\rr4\RepeatAllFilesCopy\AssetRipper_export_20260621_111439\Assets\Resources\previews\ed_crab_b.png,/uploads/fish/ed_crab_b.png
30,Краппи белый,card_white_crappie,Краппи белый,white_crappie_b.png,normalized_exact,C:\Users\danil\Desktop\rr4\RepeatAllFilesCopy\AssetRipper_export_20260621_111439\Assets\Resources\previews\white_crappie_b.png,/uploads/fish/white_crappie_b.png
33,Краппи чёрный,card_black_crappie,Краппи чёрный,black_crappie_b.png,normalized_exact,C:\Users\danil\Desktop\rr4\RepeatAllFilesCopy\AssetRipper_export_20260621_111439\Assets\Resources\previews\black_crappie_b.png,/uploads/fish/black_crappie_b.png
201,Краснопёр-Угай крупночешуйчатый,card_trib_h,Краснопер Угай,trib_h_b.png,alias,C:\Users\danil\Desktop\rr4\RepeatAllFilesCopy\AssetRipper_export_20260621_111439\Assets\Resources\previews\trib_h_b.png,/uploads/fish/trib_h_b.png
209,Краснопёр монгольский,card_chan_m,Краснопер монгольский,chan_m_b.png,normalized_exact,C:\Users\danil\Desktop\rr4\RepeatAllFilesCopy\AssetRipper_export_20260621_111439\Assets\Resources\previews\chan_m_b.png,/uploads/fish/chan_m_b.png
107,Краснопёрка,card_rudd,Красноперка,rudd_b.png,normalized_exact,C:\Users\danil\Desktop\rr4\RepeatAllFilesCopy\AssetRipper_export_20260621_111439\Assets\Resources\previews\rudd_b.png,/uploads/fish/rudd_b.png
202,Кунджа,card_kunja,Кунджа,kunja_b.png,normalized_exact,C:\Users\danil\Desktop\rr4\RepeatAllFilesCopy\AssetRipper_export_20260621_111439\Assets\Resources\previews\kunja_b.png,/uploads/fish/kunja_b.png
155,Кутум,card_kutum,Кутум,kutum_b.png,normalized_exact,C:\Users\danil\Desktop\rr4\RepeatAllFilesCopy\AssetRipper_export_20260621_111439\Assets\Resources\previews\kutum_b.png,/uploads/fish/kutum_b.png
43,Лаврак полосатый,card_s_bass,Лаврак полосатый,s_bass_b.png,normalized_exact,C:\Users\danil\Desktop\rr4\RepeatAllFilesCopy\AssetRipper_export_20260621_111439\Assets\Resources\previews\s_bass_b.png,/uploads/fish/s_bass_b.png
42,Лаврак полосатый гибридный,card_hs_bass,Лаврак полосатый гибридный,hs_bass_b.png,normalized_exact,C:\Users\danil\Desktop\rr4\RepeatAllFilesCopy\AssetRipper_export_20260621_111439\Assets\Resources\previews\hs_bass_b.png,/uploads/fish/hs_bass_b.png
181,Ленок острорылый,card_lenok_o,Ленок острорылый,lenok_o_b.png,normalized_exact,C:\Users\danil\Desktop\rr4\RepeatAllFilesCopy\AssetRipper_export_20260621_111439\Assets\Resources\previews\lenok_o_b.png,/uploads/fish/lenok_o_b.png
205,Ленок тупорылый,card_lenok_t,Ленок тупорылый,lenok_t_b.png,normalized_exact,C:\Users\danil\Desktop\rr4\RepeatAllFilesCopy\AssetRipper_export_20260621_111439\Assets\Resources\previews\lenok_t_b.png,/uploads/fish/lenok_t_b.png
20,Лещ,card_bream,Лещ,bream_b.png,normalized_exact,C:\Users\danil\Desktop\rr4\RepeatAllFilesCopy\AssetRipper_export_20260621_111439\Assets\Resources\previews\bream_b.png,/uploads/fish/bream_b.png
157,Лещ восточный,card_e_bream,Лещ восточный,e_bream_b.png,normalized_exact,C:\Users\danil\Desktop\rr4\RepeatAllFilesCopy\AssetRipper_export_20260621_111439\Assets\Resources\previews\e_bream_b.png,/uploads/fish/e_bream_b.png
267,Ликод полуголый,card_lycodes_s,Ликод полуголый,lycodes_s_b.png,normalized_exact,C:\Users\danil\Desktop\rr4\RepeatAllFilesCopy\AssetRipper_export_20260621_111439\Assets\Resources\previews\lycodes_s_b.png,/uploads/fish/lycodes_s_b.png
266,Ликод Эсмарка,card_lycodes_e,Ликод Эсмарка,lycodes_e_b.png,normalized_exact,C:\Users\danil\Desktop\rr4\RepeatAllFilesCopy\AssetRipper_export_20260621_111439\Assets\Resources\previews\lycodes_e_b.png,/uploads/fish/lycodes_e_b.png
16,Линь,card_tench,Линь,tench_b.png,normalized_exact,C:\Users\danil\Desktop\rr4\RepeatAllFilesCopy\AssetRipper_export_20260621_111439\Assets\Resources\previews\tench_b.png,/uploads/fish/tench_b.png
14,Линь золотистый,card_g_tench,Линь золотистый,g_tench_b.png,normalized_exact,C:\Users\danil\Desktop\rr4\RepeatAllFilesCopy\AssetRipper_export_20260621_111439\Assets\Resources\previews\g_tench_b.png,/uploads/fish/g_tench_b.png
164,Линь Квольсдорфский,card_kw_tench,Квольсдорфский линь,kw_tench_b.png,alias,C:\Users\danil\Desktop\rr4\RepeatAllFilesCopy\AssetRipper_export_20260621_111439\Assets\Resources\previews\kw_tench_b.png,/uploads/fish/kw_tench_b.png
98,Лосось атлантический,card_a_salmon,Лосось Атлантический,a_salmon_b.png,normalized_exact,C:\Users\danil\Desktop\rr4\RepeatAllFilesCopy\AssetRipper_export_20260621_111439\Assets\Resources\previews\a_salmon_b.png,/uploads/fish/a_salmon_b.png
159,Лосось каспийский,card_k_salmon,Лосось каспийский,k_salmon_b.png,normalized_exact,C:\Users\danil\Desktop\rr4\RepeatAllFilesCopy\AssetRipper_export_20260621_111439\Assets\Resources\previews\k_salmon_b.png,/uploads/fish/k_salmon_b.png
96,Лосось ладожский,card_l_salmon,Лосось ладожский,l_salmon_b.png,normalized_exact,C:\Users\danil\Desktop\rr4\RepeatAllFilesCopy\AssetRipper_export_20260621_111439\Assets\Resources\previews\l_salmon_b.png,/uploads/fish/l_salmon_b.png
12,Лягушка,card_frog,Лягушка,frog_b.png,normalized_exact,C:\Users\danil\Desktop\rr4\RepeatAllFilesCopy\AssetRipper_export_20260621_111439\Assets\Resources\previews\frog_b.png,/uploads/fish/frog_b.png
226,Макрель атлантическая,card_makrel,Макрель атлантическая,makrel_b.png,normalized_exact,C:\Users\danil\Desktop\rr4\RepeatAllFilesCopy\AssetRipper_export_20260621_111439\Assets\Resources\previews\makrel_b.png,/uploads/fish/makrel_b.png
269,Макрурус северный,card_macrourus_b,Макрурус северный,macrourus_b_b.png,normalized_exact,C:\Users\danil\Desktop\rr4\RepeatAllFilesCopy\AssetRipper_export_20260621_111439\Assets\Resources\previews\macrourus_b_b.png,/uploads/fish/macrourus_b_b.png
197,Мальма,card_malma,Мальма,malma_b.png,normalized_exact,C:\Users\danil\Desktop\rr4\RepeatAllFilesCopy\AssetRipper_export_20260621_111439\Assets\Resources\previews\malma_b.png,/uploads/fish/malma_b.png
218,Менёк,card_menek,Менек,menek_b.png,normalized_exact,C:\Users\danil\Desktop\rr4\RepeatAllFilesCopy\AssetRipper_export_20260621_111439\Assets\Resources\previews\menek_b.png,/uploads/fish/menek_b.png
232,Мерланг,card_merlang,Мерланг,merlang_b.png,normalized_exact,C:\Users\danil\Desktop\rr4\RepeatAllFilesCopy\AssetRipper_export_20260621_111439\Assets\Resources\previews\merlang_b.png,/uploads/fish/merlang_b.png
229,Мерлуза,card_merluza,Мерлуза,merluza_b.png,normalized_exact,C:\Users\danil\Desktop\rr4\RepeatAllFilesCopy\AssetRipper_export_20260621_111439\Assets\Resources\previews\merluza_b.png,/uploads/fish/merluza_b.png
247,Меч-рыба,card_x_gladius,Рыба-меч,x_gladius_b.png,alias,C:\Users\danil\Desktop\rr4\RepeatAllFilesCopy\AssetRipper_export_20260621_111439\Assets\Resources\previews\x_gladius_b.png,/uploads/fish/x_gladius_b.png
259,Мидия,card_mytilus_ed,Мидия,mytilus_ed_b.png,normalized_exact,C:\Users\danil\Desktop\rr4\RepeatAllFilesCopy\AssetRipper_export_20260621_111439\Assets\Resources\previews\mytilus_ed_b.png,/uploads/fish/mytilus_ed_b.png
203,Микижа,card_mikija,Микижа,mikija_b.png,normalized_exact,C:\Users\danil\Desktop\rr4\RepeatAllFilesCopy\AssetRipper_export_20260621_111439\Assets\Resources\previews\mikija_b.png,/uploads/fish/mikija_b.png
215,Минога дальневосточная ручьевая,card_fe_lamprey,Минога дальневосточная ручьевая,fe_lamprey_b.png,normalized_exact,C:\Users\danil\Desktop\rr4\RepeatAllFilesCopy\AssetRipper_export_20260621_111439\Assets\Resources\previews\fe_lamprey_b.png,/uploads/fish/fe_lamprey_b.png
162,Минога каспийская,card_c_lamprey,Минога каспийская,c_lamprey_b.png,normalized_exact,C:\Users\danil\Desktop\rr4\RepeatAllFilesCopy\AssetRipper_export_20260621_111439\Assets\Resources\previews\c_lamprey_b.png,/uploads/fish/c_lamprey_b.png
196,Минога сибирская,card_s_lamprey,Минога сибирская,s_lamprey_b.png,normalized_exact,C:\Users\danil\Desktop\rr4\RepeatAllFilesCopy\AssetRipper_export_20260621_111439\Assets\Resources\previews\s_lamprey_b.png,/uploads/fish/s_lamprey_b.png
214,Минога трёхзубая,card_trid_lamprey,Минога трехзубая,trid_lamprey_b.png,normalized_exact,C:\Users\danil\Desktop\rr4\RepeatAllFilesCopy\AssetRipper_export_20260621_111439\Assets\Resources\previews\trid_lamprey_b.png,/uploads/fish/trid_lamprey_b.png
111,Минога украинская,card_u_lamprey,Минога украинская,u_lamprey_b.png,normalized_exact,C:\Users\danil\Desktop\rr4\RepeatAllFilesCopy\AssetRipper_export_20260621_111439\Assets\Resources\previews\u_lamprey_b.png,/uploads/fish/u_lamprey_b.png
241,Мольва голубая,card_molva,Мольва голубая,molva_b.png,normalized_exact,C:\Users\danil\Desktop\rr4\RepeatAllFilesCopy\AssetRipper_export_20260621_111439\Assets\Resources\previews\molva_b.png,/uploads/fish/molva_b.png
245,Мольва обыкновенная,card_m_molva,Мольва обыкновенная,m_molva_b.png,normalized_exact,C:\Users\danil\Desktop\rr4\RepeatAllFilesCopy\AssetRipper_export_20260621_111439\Assets\Resources\previews\m_molva_b.png,/uploads/fish/m_molva_b.png
249,Морской чёрт,card_lophius_p,Морской черт,lophius_p_b.png,normalized_exact,C:\Users\danil\Desktop\rr4\RepeatAllFilesCopy\AssetRipper_export_20260621_111439\Assets\Resources\previews\lophius_p_b.png,/uploads/fish/lophius_p_b.png
182,Муксун,card_muksun,Муксун,muksun_b.png,normalized_exact,C:\Users\danil\Desktop\rr4\RepeatAllFilesCopy\AssetRipper_export_20260621_111439\Assets\Resources\previews\muksun_b.png,/uploads/fish/muksun_b.png
59,Налим,card_burbot,Налим,burbot_b.png,normalized_exact,C:\Users\danil\Desktop\rr4\RepeatAllFilesCopy\AssetRipper_export_20260621_111439\Assets\Resources\previews\burbot_b.png,/uploads/fish/burbot_b.png
212,Нейва,card_neiva,Нейва,neiva_b.png,normalized_exact,C:\Users\danil\Desktop\rr4\RepeatAllFilesCopy\AssetRipper_export_20260621_111439\Assets\Resources\previews\neiva_b.png,/uploads/fish/neiva_b.png
192,Нельма,card_nelma,Нельма,nelma_b.png,normalized_exact,C:\Users\danil\Desktop\rr4\RepeatAllFilesCopy\AssetRipper_export_20260621_111439\Assets\Resources\previews\nelma_b.png,/uploads/fish/nelma_b.png
204,Нерка,card_nerka,Нерка,nerka_b.png,normalized_exact,C:\Users\danil\Desktop\rr4\RepeatAllFilesCopy\AssetRipper_export_20260621_111439\Assets\Resources\previews\nerka_b.png,/uploads/fish/nerka_b.png
15,Окунь,card_perch,Окунь,perch_b.png,normalized_exact,C:\Users\danil\Desktop\rr4\RepeatAllFilesCopy\AssetRipper_export_20260621_111439\Assets\Resources\previews\perch_b.png,/uploads/fish/perch_b.png
239,Окунь-клювач,card_sebastes_m,Окунь-клювач,sebastes_m_b.png,normalized_exact,C:\Users\danil\Desktop\rr4\RepeatAllFilesCopy\AssetRipper_export_20260621_111439\Assets\Resources\previews\sebastes_m_b.png,/uploads/fish/sebastes_m_b.png
31,Окунь белый,card_wh_bass,Окунь белый,wh_bass_b.png,normalized_exact,C:\Users\danil\Desktop\rr4\RepeatAllFilesCopy\AssetRipper_export_20260621_111439\Assets\Resources\previews\wh_bass_b.png,/uploads/fish/wh_bass_b.png
35,Окунь большеротый,card_lm_b_bass,Окунь большеротый,lm_b_bass_b.png,normalized_exact,C:\Users\danil\Desktop\rr4\RepeatAllFilesCopy\AssetRipper_export_20260621_111439\Assets\Resources\previews\lm_b_bass_b.png,/uploads/fish/lm_b_bass_b.png
260,Окунь каменный,card_polyprion,Окунь каменный,polyprion_b.png,normalized_exact,C:\Users\danil\Desktop\rr4\RepeatAllFilesCopy\AssetRipper_export_20260621_111439\Assets\Resources\previews\polyprion_b.png,/uploads/fish/polyprion_b.png
34,Окунь малоротый,card_sm_bass,Окунь малоротый,sm_bass_b.png,normalized_exact,C:\Users\danil\Desktop\rr4\RepeatAllFilesCopy\AssetRipper_export_20260621_111439\Assets\Resources\previews\sm_bass_b.png,/uploads/fish/sm_bass_b.png
248,Окунь морской золотистый,card_sebastes_n,Окунь морской золотистый,sebastes_n_b.png,normalized_exact,C:\Users\danil\Desktop\rr4\RepeatAllFilesCopy\AssetRipper_export_20260621_111439\Assets\Resources\previews\sebastes_n_b.png,/uploads/fish/sebastes_n_b.png
221,Окунь морской норвежский,card_red_fish,Окунь морской норвежский,red_fish_b.png,normalized_exact,C:\Users\danil\Desktop\rr4\RepeatAllFilesCopy\AssetRipper_export_20260621_111439\Assets\Resources\previews\red_fish_b.png,/uploads/fish/red_fish_b.png
41,Окунь павлиний,card_bp_bass,Окунь павлиний,bp_bass_b.png,normalized_exact,C:\Users\danil\Desktop\rr4\RepeatAllFilesCopy\AssetRipper_export_20260621_111439\Assets\Resources\previews\bp_bass_b.png,/uploads/fish/bp_bass_b.png
37,Окунь пятнистый,card_sp_bass,Окунь пятнистый,sp_bass_b.png,normalized_exact,C:\Users\danil\Desktop\rr4\RepeatAllFilesCopy\AssetRipper_export_20260621_111439\Assets\Resources\previews\sp_bass_b.png,/uploads/fish/sp_bass_b.png
101,Окунь солнечный,card_pumps_sunfish,Окунь солнечный,pumps_sunfish_b.png,normalized_exact,C:\Users\danil\Desktop\rr4\RepeatAllFilesCopy\AssetRipper_export_20260621_111439\Assets\Resources\previews\pumps_sunfish_b.png,/uploads/fish/pumps_sunfish_b.png
179,Омуль арктический,card_a_omul,Омуль арктический,a_omul_b.png,normalized_exact,C:\Users\danil\Desktop\rr4\RepeatAllFilesCopy\AssetRipper_export_20260621_111439\Assets\Resources\previews\a_omul_b.png,/uploads/fish/a_omul_b.png
143,Омуль байкальский,card_b_omul,Омуль байкальский,b_omul_b.png,normalized_exact,C:\Users\danil\Desktop\rr4\RepeatAllFilesCopy\AssetRipper_export_20260621_111439\Assets\Resources\previews\b_omul_b.png,/uploads/fish/b_omul_b.png
261,Опах краснопёрый,card_lampris_g,Опах красноперый,lampris_g_b.png,normalized_exact,C:\Users\danil\Desktop\rr4\RepeatAllFilesCopy\AssetRipper_export_20260621_111439\Assets\Resources\previews\lampris_g_b.png,/uploads/fish/lampris_g_b.png
124,Осётр балтийский,card_osetr_balt,Осетр балтийский,osetr_balt_b.png,normalized_exact,C:\Users\danil\Desktop\rr4\RepeatAllFilesCopy\AssetRipper_export_20260621_111439\Assets\Resources\previews\osetr_balt_b.png,/uploads/fish/osetr_balt_b.png
191,Осётр восточносибирский,card_zs_sturgeon,Осетр восточносибирский,zs_sturgeon_b.png,normalized_exact,C:\Users\danil\Desktop\rr4\RepeatAllFilesCopy\AssetRipper_export_20260621_111439\Assets\Resources\previews\zs_sturgeon_b.png,/uploads/fish/zs_sturgeon_b.png
141,Осётр ладожский,card_l_sturgeon,Осетр ладожский,l_sturgeon_b.png,normalized_exact,C:\Users\danil\Desktop\rr4\RepeatAllFilesCopy\AssetRipper_export_20260621_111439\Assets\Resources\previews\l_sturgeon_b.png,/uploads/fish/l_sturgeon_b.png
153,Осётр персидский,card_p_sturgeon,Осетр персидский,p_sturgeon_b.png,normalized_exact,C:\Users\danil\Desktop\rr4\RepeatAllFilesCopy\AssetRipper_export_20260621_111439\Assets\Resources\previews\p_sturgeon_b.png,/uploads/fish/p_sturgeon_b.png
112,Осётр русский,card_r_sturgeon,Осетр Русский,r_sturgeon_b.png,normalized_exact,C:\Users\danil\Desktop\rr4\RepeatAllFilesCopy\AssetRipper_export_20260621_111439\Assets\Resources\previews\r_sturgeon_b.png,/uploads/fish/r_sturgeon_b.png
122,Палия кряжевая,card_palia_kr,Палия кряжевая,palia_kr_b.png,normalized_exact,C:\Users\danil\Desktop\rr4\RepeatAllFilesCopy\AssetRipper_export_20260621_111439\Assets\Resources\previews\palia_kr_b.png,/uploads/fish/palia_kr_b.png
123,Палия лудожная,card_palia_lud,Палия лудожная,palia_lud_b.png,normalized_exact,C:\Users\danil\Desktop\rr4\RepeatAllFilesCopy\AssetRipper_export_20260621_111439\Assets\Resources\previews\palia_lud_b.png,/uploads/fish/palia_lud_b.png
90,Палия обыкновенная,card_salvel_l,Палия обыкновенная,salvel_l_b.png,normalized_exact,C:\Users\danil\Desktop\rr4\RepeatAllFilesCopy\AssetRipper_export_20260621_111439\Assets\Resources\previews\salvel_l_b.png,/uploads/fish/salvel_l_b.png
240,Палтус атлантический,card_halibut_w,Палтус атлантический,halibut_w_b.png,normalized_exact,C:\Users\danil\Desktop\rr4\RepeatAllFilesCopy\AssetRipper_export_20260621_111439\Assets\Resources\previews\halibut_w_b.png,/uploads/fish/halibut_w_b.png
253,Палтус синекорый,card_halibut_b,Палтус синекорый,halibut_b_b.png,normalized_exact,C:\Users\danil\Desktop\rr4\RepeatAllFilesCopy\AssetRipper_export_20260621_111439\Assets\Resources\previews\halibut_b_b.png,/uploads/fish/halibut_b_b.png
44,Панцирник пятнистый,card_sgar,Панцирник пятнистый,sgar_b.png,normalized_exact,C:\Users\danil\Desktop\rr4\RepeatAllFilesCopy\AssetRipper_export_20260621_111439\Assets\Resources\previews\sgar_b.png,/uploads/fish/sgar_b.png
89,Пелядь,card_peled,Пелядь,peled_b.png,normalized_exact,C:\Users\danil\Desktop\rr4\RepeatAllFilesCopy\AssetRipper_export_20260621_111439\Assets\Resources\previews\peled_b.png,/uploads/fish/peled_b.png
52,Перловица,card_freshwater_mussel,Перловица,freshwater_mussel_b.png,normalized_exact,C:\Users\danil\Desktop\rr4\RepeatAllFilesCopy\AssetRipper_export_20260621_111439\Assets\Resources\previews\freshwater_mussel_b.png,/uploads/fish/freshwater_mussel_b.png
46,Пескарь обыкновенный,card_gudgeon,Пескарь обыкновенный,gudgeon_b.png,normalized_exact,C:\Users\danil\Desktop\rr4\RepeatAllFilesCopy\AssetRipper_export_20260621_111439\Assets\Resources\previews\gudgeon_b.png,/uploads/fish/gudgeon_b.png
195,Пескарь сибирский,card_syb_gudgeon,Пескарь сибирский,syb_gudgeon_b.png,normalized_exact,C:\Users\danil\Desktop\rr4\RepeatAllFilesCopy\AssetRipper_export_20260621_111439\Assets\Resources\previews\syb_gudgeon_b.png,/uploads/fish/syb_gudgeon_b.png
217,Пикша,card_piksha,Пикша,piksha_b.png,normalized_exact,C:\Users\danil\Desktop\rr4\RepeatAllFilesCopy\AssetRipper_export_20260621_111439\Assets\Resources\previews\piksha_b.png,/uploads/fish/piksha_b.png
237,Пинагор,card_pinagor,Пинагор,pinagor_b.png,normalized_exact,C:\Users\danil\Desktop\rr4\RepeatAllFilesCopy\AssetRipper_export_20260621_111439\Assets\Resources\previews\pinagor_b.png,/uploads/fish/pinagor_b.png
13,Плотва обыкновенная,card_c_roach,Плотва обыкновенная,c.roach_b.png,normalized_exact,C:\Users\danil\Desktop\rr4\RepeatAllFilesCopy\AssetRipper_export_20260621_111439\Assets\Resources\previews\c.roach_b.png,/uploads/fish/c.roach_b.png
185,Плотва сибирская,card_syb_roach,Плотва сибирская,syb_roach_b.png,normalized_exact,C:\Users\danil\Desktop\rr4\RepeatAllFilesCopy\AssetRipper_export_20260621_111439\Assets\Resources\previews\syb_roach_b.png,/uploads/fish/syb_roach_b.png
193,Подкаменщик сибирский,card_bullhead_syb,Подкаменьщик сибирский,bullhead_syb_b.png,alias,C:\Users\danil\Desktop\rr4\RepeatAllFilesCopy\AssetRipper_export_20260621_111439\Assets\Resources\previews\bullhead_syb_b.png,/uploads/fish/bullhead_syb_b.png
55,Подуст,card_c_nase,Подуст,c_nase_b.png,normalized_exact,C:\Users\danil\Desktop\rr4\RepeatAllFilesCopy\AssetRipper_export_20260621_111439\Assets\Resources\previews\c_nase_b.png,/uploads/fish/c_nase_b.png
225,Поллак,card_pollachius,Поллак,pollachius_b.png,normalized_exact,C:\Users\danil\Desktop\rr4\RepeatAllFilesCopy\AssetRipper_export_20260621_111439\Assets\Resources\previews\pollachius_b.png,/uploads/fish/pollachius_b.png
146,Пузанок каспийский,card_c_herring,Пузанок каспийский,c_herring_b.png,normalized_exact,C:\Users\danil\Desktop\rr4\RepeatAllFilesCopy\AssetRipper_export_20260621_111439\Assets\Resources\previews\c_herring_b.png,/uploads/fish/c_herring_b.png
228,Путассу северная,card_poutassou,Путассу северная,poutassou_b.png,normalized_exact,C:\Users\danil\Desktop\rr4\RepeatAllFilesCopy\AssetRipper_export_20260621_111439\Assets\Resources\previews\poutassou_b.png,/uploads/fish/poutassou_b.png
49,Рак речной,card_crawfish,Рак речной,crawfish_b.png,normalized_exact,C:\Users\danil\Desktop\rr4\RepeatAllFilesCopy\AssetRipper_export_20260621_111439\Assets\Resources\previews\crawfish_b.png,/uploads/fish/crawfish_b.png
116,Рипус,card_ripus,Рипус,ripus_b.png,normalized_exact,C:\Users\danil\Desktop\rr4\RepeatAllFilesCopy\AssetRipper_export_20260621_111439\Assets\Resources\previews\ripus_b.png,/uploads/fish/ripus_b.png
6,Ротан,card_a_sleeper,Ротан,a_sleeper_b.png,normalized_exact,C:\Users\danil\Desktop\rr4\RepeatAllFilesCopy\AssetRipper_export_20260621_111439\Assets\Resources\previews\a_sleeper_b.png,/uploads/fish/a_sleeper_b.png
97,Рыбец,card_v_bream,Рыбец,v_bream_b.png,normalized_exact,C:\Users\danil\Desktop\rr4\RepeatAllFilesCopy\AssetRipper_export_20260621_111439\Assets\Resources\previews\v_bream_b.png,/uploads/fish/v_bream_b.png
88,Ряпушка,card_vendace,Ряпушка,vendace_b.png,normalized_exact,C:\Users\danil\Desktop\rr4\RepeatAllFilesCopy\AssetRipper_export_20260621_111439\Assets\Resources\previews\vendace_b.png,/uploads/fish/vendace_b.png
175,Ряпушка сибирская,card_syb_vendace,Ряпушка сибирская,syb_vendace_b.png,normalized_exact,C:\Users\danil\Desktop\rr4\RepeatAllFilesCopy\AssetRipper_export_20260621_111439\Assets\Resources\previews\syb_vendace_b.png,/uploads/fish/syb_vendace_b.png
110,Сазан,card_common_carp,Сазан,common_carp_b.png,normalized_exact,C:\Users\danil\Desktop\rr4\RepeatAllFilesCopy\AssetRipper_export_20260621_111439\Assets\Resources\previews\common_carp_b.png,/uploads/fish/common_carp_b.png
216,Сайда,card_coalfish,Сайда,coalfish_b.png,normalized_exact,C:\Users\danil\Desktop\rr4\RepeatAllFilesCopy\AssetRipper_export_20260621_111439\Assets\Resources\previews\coalfish_b.png,/uploads/fish/coalfish_b.png
220,Сайра атлантическая,card_s_saurus,Сайра атлантическая,s_saurus_b.png,normalized_exact,C:\Users\danil\Desktop\rr4\RepeatAllFilesCopy\AssetRipper_export_20260621_111439\Assets\Resources\previews\s_saurus_b.png,/uploads/fish/s_saurus_b.png
233,Сардина европейская,card_sardina_p,Сардина европейская,sardina_p_b.png,normalized_exact,C:\Users\danil\Desktop\rr4\RepeatAllFilesCopy\AssetRipper_export_20260621_111439\Assets\Resources\previews\sardina_p_b.png,/uploads/fish/sardina_p_b.png
152,Севрюга,card_st_sturgeon,Севрюга,st_sturgeon_b.png,normalized_exact,C:\Users\danil\Desktop\rr4\RepeatAllFilesCopy\AssetRipper_export_20260621_111439\Assets\Resources\previews\st_sturgeon_b.png,/uploads/fish/st_sturgeon_b.png
242,Сельдь атлантическая,card_atl_herring,Сельдь атлантическая,atl_herring_b.png,normalized_exact,C:\Users\danil\Desktop\rr4\RepeatAllFilesCopy\AssetRipper_export_20260621_111439\Assets\Resources\previews\atl_herring_b.png,/uploads/fish/atl_herring_b.png
150,Сельдь Бражникова,card_b_herring,Сельдь Бражникова,b_herring_b.png,normalized_exact,C:\Users\danil\Desktop\rr4\RepeatAllFilesCopy\AssetRipper_export_20260621_111439\Assets\Resources\previews\b_herring_b.png,/uploads/fish/b_herring_b.png
144,Сельдь Кесслера,card_k_herring,Сельдь Кесслера,k_herring_b.png,normalized_exact,C:\Users\danil\Desktop\rr4\RepeatAllFilesCopy\AssetRipper_export_20260621_111439\Assets\Resources\previews\k_herring_b.png,/uploads/fish/k_herring_b.png
99,Сельдь черноморская,card_cha_herring,Сельдь черноморская,cha_herring_b.png,normalized_exact,C:\Users\danil\Desktop\rr4\RepeatAllFilesCopy\AssetRipper_export_20260621_111439\Assets\Resources\previews\cha_herring_b.png,/uploads/fish/cha_herring_b.png
117,Сиг-лудога,card_sig_ludoga,Сиг-лудога,sig_ludoga_b.png,normalized_exact,C:\Users\danil\Desktop\rr4\RepeatAllFilesCopy\AssetRipper_export_20260621_111439\Assets\Resources\previews\sig_ludoga_b.png,/uploads/fish/sig_ludoga_b.png
74,Сиг-пыжьян,card_sig_p,Сиг-пыжьян,sig_p_b.png,normalized_exact,C:\Users\danil\Desktop\rr4\RepeatAllFilesCopy\AssetRipper_export_20260621_111439\Assets\Resources\previews\sig_p_b.png,/uploads/fish/sig_p_b.png
121,Сиг валаамский,card_sig_valaam,Сиг валаамский,sig_valaam_b.png,normalized_exact,C:\Users\danil\Desktop\rr4\RepeatAllFilesCopy\AssetRipper_export_20260621_111439\Assets\Resources\previews\sig_valaam_b.png,/uploads/fish/sig_valaam_b.png
119,Сиг волховский,card_sig,Сиг волховский,sig_b.png,normalized_exact,C:\Users\danil\Desktop\rr4\RepeatAllFilesCopy\AssetRipper_export_20260621_111439\Assets\Resources\previews\sig_b.png,/uploads/fish/sig_b.png
120,Сиг вуоксинский,card_sig_vouksa,Сиг вуоксинский,sig_vouksa_b.png,normalized_exact,C:\Users\danil\Desktop\rr4\RepeatAllFilesCopy\AssetRipper_export_20260621_111439\Assets\Resources\previews\sig_vouksa_b.png,/uploads/fish/sig_vouksa_b.png
85,Сиг куорский,card_sig_kuor,Сиг куорский,sig_kuor_b.png,normalized_exact,C:\Users\danil\Desktop\rr4\RepeatAllFilesCopy\AssetRipper_export_20260621_111439\Assets\Resources\previews\sig_kuor_b.png,/uploads/fish/sig_kuor_b.png
140,Сиг ладожский озёрный,card_sig_o_l,Сиг ладожский озерный,sig_o_l_b.png,normalized_exact,C:\Users\danil\Desktop\rr4\RepeatAllFilesCopy\AssetRipper_export_20260621_111439\Assets\Resources\previews\sig_o_l_b.png,/uploads/fish/sig_o_l_b.png
71,Сиг острожский,card_sig_ostr,Сиг острожский,sig_ostr_b.png,normalized_exact,C:\Users\danil\Desktop\rr4\RepeatAllFilesCopy\AssetRipper_export_20260621_111439\Assets\Resources\previews\sig_ostr_b.png,/uploads/fish/sig_ostr_b.png
142,Сиг свирский,card_sv_sig,Сиг свирский,sv_sig_b.png,normalized_exact,C:\Users\danil\Desktop\rr4\RepeatAllFilesCopy\AssetRipper_export_20260621_111439\Assets\Resources\previews\sv_sig_b.png,/uploads/fish/sv_sig_b.png
139,Сиг чёрный,card_sig_black,Сиг ладожский черный,sig_black_b.png,alias,C:\Users\danil\Desktop\rr4\RepeatAllFilesCopy\AssetRipper_export_20260621_111439\Assets\Resources\previews\sig_black_b.png,/uploads/fish/sig_black_b.png
207,Сима,card_onkor_m,Сима проходная,onkor_m_b.png,alias,C:\Users\danil\Desktop\rr4\RepeatAllFilesCopy\AssetRipper_export_20260621_111439\Assets\Resources\previews\onkor_m_b.png,/uploads/fish/onkor_m_b.png
200,Сима жилая,card_onkor_mg,Сима,onkor_mg_b.png,alias,C:\Users\danil\Desktop\rr4\RepeatAllFilesCopy\AssetRipper_export_20260621_111439\Assets\Resources\previews\onkor_mg_b.png,/uploads/fish/onkor_mg_b.png
56,Синец,card_b_bream,Синец,b_bream_b.png,normalized_exact,C:\Users\danil\Desktop\rr4\RepeatAllFilesCopy\AssetRipper_export_20260621_111439\Assets\Resources\previews\b_bream_b.png,/uploads/fish/b_bream_b.png
244,Скат колючий,card_ambl_r,Скат колючий,ambl_r_b.png,normalized_exact,C:\Users\danil\Desktop\rr4\RepeatAllFilesCopy\AssetRipper_export_20260621_111439\Assets\Resources\previews\ambl_r_b.png,/uploads/fish/ambl_r_b.png
255,Скат полярный,card_ambl_h,Скат полярный,ambl_h_b.png,normalized_exact,C:\Users\danil\Desktop\rr4\RepeatAllFilesCopy\AssetRipper_export_20260621_111439\Assets\Resources\previews\ambl_h_b.png,/uploads/fish/ambl_h_b.png
32,Солнечник красноухий,card_resfish,Солнечник красноухий,resfish_b.png,normalized_exact,C:\Users\danil\Desktop\rr4\RepeatAllFilesCopy\AssetRipper_export_20260621_111439\Assets\Resources\previews\resfish_b.png,/uploads/fish/resfish_b.png
28,Солнечник синежаберный,card_b_gill,Солнечник синежаберный,b_gill_b.png,normalized_exact,C:\Users\danil\Desktop\rr4\RepeatAllFilesCopy\AssetRipper_export_20260621_111439\Assets\Resources\previews\b_gill_b.png,/uploads/fish/b_gill_b.png
25,Сом,card_w_catfish,Сом,w_catfish_b.png,normalized_exact,C:\Users\danil\Desktop\rr4\RepeatAllFilesCopy\AssetRipper_export_20260621_111439\Assets\Resources\previews\w_catfish_b.png,/uploads/fish/w_catfish_b.png
161,Сом альбинос,card_w_catfish_a,Сом альбинос,w_catfish_a_b.png,normalized_exact,C:\Users\danil\Desktop\rr4\RepeatAllFilesCopy\AssetRipper_export_20260621_111439\Assets\Resources\previews\w_catfish_a_b.png,/uploads/fish/w_catfish_a_b.png
190,Сом амурский,card_a_catfish,Сом амурский,a_catfish_b.png,normalized_exact,C:\Users\danil\Desktop\rr4\RepeatAllFilesCopy\AssetRipper_export_20260621_111439\Assets\Resources\previews\a_catfish_b.png,/uploads/fish/a_catfish_b.png
36,Сомик канальный,card_ch_catfish,Сомик канальный,ch_catfish_b.png,normalized_exact,C:\Users\danil\Desktop\rr4\RepeatAllFilesCopy\AssetRipper_export_20260621_111439\Assets\Resources\previews\ch_catfish_b.png,/uploads/fish/ch_catfish_b.png
39,Сомик оливковый,card_fhcatfish,Сомик оливковый,fhcatfish_b.png,normalized_exact,C:\Users\danil\Desktop\rr4\RepeatAllFilesCopy\AssetRipper_export_20260621_111439\Assets\Resources\previews\fhcatfish_b.png,/uploads/fish/fhcatfish_b.png
79,Стерлядь,card_sterlet,Стерлядь,sterlet_b.png,normalized_exact,C:\Users\danil\Desktop\rr4\RepeatAllFilesCopy\AssetRipper_export_20260621_111439\Assets\Resources\previews\sterlet_b.png,/uploads/fish/sterlet_b.png
186,Стерлядь сибирская,card_syb_sterlet,Стерлядь сибирская,syb_sterlet_b.png,normalized_exact,C:\Users\danil\Desktop\rr4\RepeatAllFilesCopy\AssetRipper_export_20260621_111439\Assets\Resources\previews\syb_sterlet_b.png,/uploads/fish/syb_sterlet_b.png
64,Судак,card_e_pikeperch,Судак,e.pikeperch_b.png,normalized_exact,C:\Users\danil\Desktop\rr4\RepeatAllFilesCopy\AssetRipper_export_20260621_111439\Assets\Resources\previews\e.pikeperch_b.png,/uploads/fish/e.pikeperch_b.png
40,Судак светлопёрый,card_walleye,Судак светлоперый,walleye_b.png,normalized_exact,C:\Users\danil\Desktop\rr4\RepeatAllFilesCopy\AssetRipper_export_20260621_111439\Assets\Resources\previews\walleye_b.png,/uploads/fish/walleye_b.png
78,Таймень,card_taimen,Таймень,taimen_b.png,normalized_exact,C:\Users\danil\Desktop\rr4\RepeatAllFilesCopy\AssetRipper_export_20260621_111439\Assets\Resources\previews\taimen_b.png,/uploads/fish/taimen_b.png
104,Тарань,card_taran,Тарань,taran_b.png,normalized_exact,C:\Users\danil\Desktop\rr4\RepeatAllFilesCopy\AssetRipper_export_20260621_111439\Assets\Resources\previews\taran_b.png,/uploads/fish/taran_b.png
113,Толстолобик белый,card_s_carp,Толстолобик белый,s_carp_b.png,normalized_exact,C:\Users\danil\Desktop\rr4\RepeatAllFilesCopy\AssetRipper_export_20260621_111439\Assets\Resources\previews\s_carp_b.png,/uploads/fish/s_carp_b.png
114,Толстолобик пёстрый,card_bh_carp,Толстолобик пестрый,bh_carp_b.png,normalized_exact,C:\Users\danil\Desktop\rr4\RepeatAllFilesCopy\AssetRipper_export_20260621_111439\Assets\Resources\previews\bh_carp_b.png,/uploads/fish/bh_carp_b.png
222,Треска атлантическая,card_atl_cod,Треска атлантическая,atl_cod_b.png,normalized_exact,C:\Users\danil\Desktop\rr4\RepeatAllFilesCopy\AssetRipper_export_20260621_111439\Assets\Resources\previews\atl_cod_b.png,/uploads/fish/atl_cod_b.png
183,Тугун,card_tugun,Тугун,tugun_b.png,normalized_exact,C:\Users\danil\Desktop\rr4\RepeatAllFilesCopy\AssetRipper_export_20260621_111439\Assets\Resources\previews\tugun_b.png,/uploads/fish/tugun_b.png
258,Тунец голубой,card_thynnus_t,Тунец голубой,thynnus_t_b.png,normalized_exact,C:\Users\danil\Desktop\rr4\RepeatAllFilesCopy\AssetRipper_export_20260621_111439\Assets\Resources\previews\thynnus_t_b.png,/uploads/fish/thynnus_t_b.png
103,Тюлька черноморская,card_tiulka,Тюлька черноморская,tiulka_b.png,normalized_exact,C:\Users\danil\Desktop\rr4\RepeatAllFilesCopy\AssetRipper_export_20260621_111439\Assets\Resources\previews\tiulka_b.png,/uploads/fish/tiulka_b.png
234,Тюрбо,card_turbot,Тюрбо,turbot_b.png,normalized_exact,C:\Users\danil\Desktop\rr4\RepeatAllFilesCopy\AssetRipper_export_20260621_111439\Assets\Resources\previews\turbot_b.png,/uploads/fish/turbot_b.png
270,Угольщик обыкновенный,card_b_scabbardfish,Угольщик обыкновенный,b_scabbardfish_b.png,normalized_exact,C:\Users\danil\Desktop\rr4\RepeatAllFilesCopy\AssetRipper_export_20260621_111439\Assets\Resources\previews\b_scabbardfish_b.png,/uploads/fish/b_scabbardfish_b.png
70,Угорь,card_eel,Угорь,eel_b.png,normalized_exact,C:\Users\danil\Desktop\rr4\RepeatAllFilesCopy\AssetRipper_export_20260621_111439\Assets\Resources\previews\eel_b.png,/uploads/fish/eel_b.png
10,Уклейка,card_c_bleak,Уклейка,c_bleak_b.png,normalized_exact,C:\Users\danil\Desktop\rr4\RepeatAllFilesCopy\AssetRipper_export_20260621_111439\Assets\Resources\previews\c_bleak_b.png,/uploads/fish/c_bleak_b.png
92,Усач альбинос,card_alb_barbel,Усач обыкновенный альбинос,alb_barbel_b.png,alias,C:\Users\danil\Desktop\rr4\RepeatAllFilesCopy\AssetRipper_export_20260621_111439\Assets\Resources\previews\alb_barbel_b.png,/uploads/fish/alb_barbel_b.png
148,Усач короткоголовый,card_sh_barbel,Усач короткоголовый,sh_barbel_b.png,normalized_exact,C:\Users\danil\Desktop\rr4\RepeatAllFilesCopy\AssetRipper_export_20260621_111439\Assets\Resources\previews\sh_barbel_b.png,/uploads/fish/sh_barbel_b.png
91,Усач обыкновенный,card_c_barbel,Усач обыкновенный,c_barbel_b.png,normalized_exact,C:\Users\danil\Desktop\rr4\RepeatAllFilesCopy\AssetRipper_export_20260621_111439\Assets\Resources\previews\c_barbel_b.png,/uploads/fish/c_barbel_b.png
262,Устрица съедобная,card_ostrea_ed,Устрица,ostrea_ed_b.png,alias,C:\Users\danil\Desktop\rr4\RepeatAllFilesCopy\AssetRipper_export_20260621_111439\Assets\Resources\previews\ostrea_ed_b.png,/uploads/fish/ostrea_ed_b.png
81,Форель озерная,card_gc_smelt,Форель озерная,gc_smelt_b.png,normalized_exact,C:\Users\danil\Desktop\rr4\RepeatAllFilesCopy\AssetRipper_export_20260621_111439\Assets\Resources\previews\gc_smelt_b.png,/uploads/fish/gc_smelt_b.png
83,Форель радужная,card_riv_rb_trout,Форель радужная,riv_rb_trout_b.png,normalized_exact,C:\Users\danil\Desktop\rr4\RepeatAllFilesCopy\AssetRipper_export_20260621_111439\Assets\Resources\previews\riv_rb_trout_b.png,/uploads/fish/riv_rb_trout_b.png
75,Форель ручьевая,card_riv_brown_trout,Форель ручьевая,riv_brown_trout_b.png,normalized_exact,C:\Users\danil\Desktop\rr4\RepeatAllFilesCopy\AssetRipper_export_20260621_111439\Assets\Resources\previews\riv_brown_trout_b.png,/uploads/fish/riv_brown_trout_b.png
82,Форель севанская,card_sevan_trout,Форель севанская,sevan_trout_b.png,normalized_exact,C:\Users\danil\Desktop\rr4\RepeatAllFilesCopy\AssetRipper_export_20260621_111439\Assets\Resources\previews\sevan_trout_b.png,/uploads/fish/sevan_trout_b.png
176,Хариус восточносибирский,card_os_grayling,Хариус восточносибирский,os_grayling_b.png,normalized_exact,C:\Users\danil\Desktop\rr4\RepeatAllFilesCopy\AssetRipper_export_20260621_111439\Assets\Resources\previews\os_grayling_b.png,/uploads/fish/os_grayling_b.png
73,Хариус европейский,card_a_grayling,Хариус европейский,a_grayling_b.png,normalized_exact,C:\Users\danil\Desktop\rr4\RepeatAllFilesCopy\AssetRipper_export_20260621_111439\Assets\Resources\previews\a_grayling_b.png,/uploads/fish/a_grayling_b.png
76,Хариус западносибирский,card_zs_grayling,Хариус западносибирский,zs_grayling_b.png,normalized_exact,C:\Users\danil\Desktop\rr4\RepeatAllFilesCopy\AssetRipper_export_20260621_111439\Assets\Resources\previews\zs_grayling_b.png,/uploads/fish/zs_grayling_b.png
272,Химера европейская,card_chimaera,Химера европейская,chimaera_b.png,normalized_exact,C:\Users\danil\Desktop\rr4\RepeatAllFilesCopy\AssetRipper_export_20260621_111439\Assets\Resources\previews\chimaera_b.png,/uploads/fish/chimaera_b.png
252,Центролоф чёрный,card_centroloph_n,Центролоф чёрный,centroloph_n_b.png,normalized_exact,C:\Users\danil\Desktop\rr4\RepeatAllFilesCopy\AssetRipper_export_20260621_111439\Assets\Resources\previews\centroloph_n_b.png,/uploads/fish/centroloph_n_b.png
210,Чавыча,card_chavycha,Чавыча,chavycha_b.png,normalized_exact,C:\Users\danil\Desktop\rr4\RepeatAllFilesCopy\AssetRipper_export_20260621_111439\Assets\Resources\previews\chavycha_b.png,/uploads/fish/chavycha_b.png
105,Чехонь,card_sabrefish,Чехонь,sabrefish_b.png,normalized_exact,C:\Users\danil\Desktop\rr4\RepeatAllFilesCopy\AssetRipper_export_20260621_111439\Assets\Resources\previews\sabrefish_b.png,/uploads/fish/sabrefish_b.png
177,Чир,card_chir,Чир,chir_b.png,normalized_exact,C:\Users\danil\Desktop\rr4\RepeatAllFilesCopy\AssetRipper_export_20260621_111439\Assets\Resources\previews\chir_b.png,/uploads/fish/chir_b.png
206,Чукучан,card_chukuchan,Чукучан,chukuchan_b.png,normalized_exact,C:\Users\danil\Desktop\rr4\RepeatAllFilesCopy\AssetRipper_export_20260621_111439\Assets\Resources\previews\chukuchan_b.png,/uploads/fish/chukuchan_b.png
145,Шемая каспийская,card_shemaya,Шемая каспийская,shemaya_b.png,normalized_exact,C:\Users\danil\Desktop\rr4\RepeatAllFilesCopy\AssetRipper_export_20260621_111439\Assets\Resources\previews\shemaya_b.png,/uploads/fish/shemaya_b.png
26,Шемая черноморская,card_shemaya_cha,Шемая азовская,shemaya_cha_b.png,alias,C:\Users\danil\Desktop\rr4\RepeatAllFilesCopy\AssetRipper_export_20260621_111439\Assets\Resources\previews\shemaya_cha_b.png,/uploads/fish/shemaya_cha_b.png
154,Шип,card_osetr_ship,Шип,osetr_ship_b.png,normalized_exact,C:\Users\danil\Desktop\rr4\RepeatAllFilesCopy\AssetRipper_export_20260621_111439\Assets\Resources\previews\osetr_ship_b.png,/uploads/fish/osetr_ship_b.png
24,Щука обыкновенная,card_n_pike,Щука обыкновенная,n.pike_b.png,normalized_exact,C:\Users\danil\Desktop\rr4\RepeatAllFilesCopy\AssetRipper_export_20260621_111439\Assets\Resources\previews\n.pike_b.png,/uploads/fish/n.pike_b.png
45,Щука панцирная,card_agar,Щука панцирная,agar_b.png,normalized_exact,C:\Users\danil\Desktop\rr4\RepeatAllFilesCopy\AssetRipper_export_20260621_111439\Assets\Resources\previews\agar_b.png,/uploads/fish/agar_b.png
17,Язь,card_s_orfe,Язь,s.orfe_b.png,normalized_exact,C:\Users\danil\Desktop\rr4\RepeatAllFilesCopy\AssetRipper_export_20260621_111439\Assets\Resources\previews\s.orfe_b.png,/uploads/fish/s.orfe_b.png