system_id,name,source
bcr_6010,Rocket Jet SG80,C:\Users\danil\Desktop\rf4objects\КатушкиОбъекты\байткастинговые\bcr_6010.glb
bcr_5462,Minister CS ES60,C:\Users\danil\Desktop\rf4objects\КатушкиОбъекты\байткастинговые\bcr_5462.glb
bcr_6013,Phantom Super,C:\Users\danil\Desktop\rf4objects\КатушкиОбъекты\байткастинговые\bcr_6013.glb
bcr_6009,Rocket Jet SG70,C:\Users\danil\Desktop\rf4objects\КатушкиОбъекты\байткастинговые\bcr_6009.glb
bcr_5079,Centauri ZC80,C:\Users\danil\Desktop\rf4objects\КатушкиОбъекты\байткастинговые\bcr_5079.glb
bcr_5078,Centauri ZC70,C:\Users\danil\Desktop\rf4objects\КатушкиОбъекты\байткастинговые\bcr_5078.glb
bcr_5975,Classic SG70,C:\Users\danil\Desktop\rf4objects\КатушкиОбъекты\байткастинговые\bcr_5975.glb
bcr_5366,Monster LD60,C:\Users\danil\Desktop\rf4objects\КатушкиОбъекты\байткастинговые\bcr_5366.glb
bcr_5365,Minister NGT LD60,C:\Users\danil\Desktop\rf4objects\КатушкиОбъекты\байткастинговые\bcr_5365.glb
bcr_5364,Minister NGT LD50,C:\Users\danil\Desktop\rf4objects\КатушкиОбъекты\байткастинговые\bcr_5364.glb
bcr_5460,Minister CS LD60,C:\Users\danil\Desktop\rf4objects\КатушкиОбъекты\байткастинговые\bcr_5460.glb
bcr_5458,Minister CS PG60,C:\Users\danil\Desktop\rf4objects\КатушкиОбъекты\байткастинговые\bcr_5458.glb
bcr_5459,Minister CS SR60,C:\Users\danil\Desktop\rf4objects\КатушкиОбъекты\байткастинговые\bcr_5459.glb
bcr_5456,Minister CS SG60,C:\Users\danil\Desktop\rf4objects\КатушкиОбъекты\байткастинговые\bcr_5456.glb
bcr_5362,ZM-3 Spear SG70,C:\Users\danil\Desktop\rf4objects\КатушкиОбъекты\байткастинговые\bcr_5362.glb
bcr_5361,ZM Ranger Z70,C:\Users\danil\Desktop\rf4objects\КатушкиОбъекты\байткастинговые\bcr_5361.glb
bcr_5360,ZM Ranger Z60,C:\Users\danil\Desktop\rf4objects\КатушкиОбъекты\байткастинговые\bcr_5360.glb
bcr_5455,Minister CS 60,C:\Users\danil\Desktop\rf4objects\КатушкиОбъекты\байткастинговые\bcr_5455.glb
bcr_5923,Imperial R605,C:\Users\danil\Desktop\rf4objects\КатушкиОбъекты\байткастинговые\bcr_5923.glb
bcr_5077,ZM-Steelness ZMS60,C:\Users\danil\Desktop\rf4objects\КатушкиОбъекты\байткастинговые\bcr_5077.glb
bcr_5076,ZM-Steelness ZMS50,C:\Users\danil\Desktop\rf4objects\КатушкиОбъекты\байткастинговые\bcr_5076.glb
bcr_5452,SAL5000,C:\Users\danil\Desktop\rf4objects\КатушкиОбъекты\байткастинговые\bcr_5452.glb
bcr_5048,Billionare HV 60R,C:\Users\danil\Desktop\rf4objects\КатушкиОбъекты\байткастинговые\bcr_5048.glb
bcr_5072,ZM-4 Z60,C:\Users\danil\Desktop\rf4objects\КатушкиОбъекты\байткастинговые\bcr_5072.glb
bcr_5723,ZM-4 Z-60 8-Years,C:\Users\danil\Desktop\rf4objects\КатушкиОбъекты\байткастинговые\bcr_5723.glb
bcr_5071,ZM-4 Z50,C:\Users\danil\Desktop\rf4objects\КатушкиОбъекты\байткастинговые\bcr_5071.glb
bcr_5007,ZM-4 Z40,C:\Users\danil\Desktop\rf4objects\КатушкиОбъекты\байткастинговые\bcr_5007.glb
bcr_5717,ZM-4 Z-40 8-Years,C:\Users\danil\Desktop\rf4objects\КатушкиОбъекты\байткастинговые\bcr_5717.glb
bcr_5764,Castmaster  LGR1973,C:\Users\danil\Desktop\rf4objects\КатушкиОбъекты\байткастинговые\bcr_5764.glb
bcr_5062,SteelHead 600-R,C:\Users\danil\Desktop\rf4objects\КатушкиОбъекты\байткастинговые\bcr_5062.glb
bcr_5011,SteelHead 500-R,C:\Users\danil\Desktop\rf4objects\КатушкиОбъекты\байткастинговые\bcr_5011.glb
bcr_5070,Billionare 60R,C:\Users\danil\Desktop\rf4objects\КатушкиОбъекты\байткастинговые\bcr_5070.glb
bcr_5008,Billionare 50R,C:\Users\danil\Desktop\rf4objects\КатушкиОбъекты\байткастинговые\bcr_5008.glb
bcr_5075,ZM-3 Z60,C:\Users\danil\Desktop\rf4objects\КатушкиОбъекты\байткастинговые\bcr_5075.glb
bcr_5074,ZM-3 Z50,C:\Users\danil\Desktop\rf4objects\КатушкиОбъекты\байткастинговые\bcr_5074.glb
bcr_5073,ZM-3 Z40,C:\Users\danil\Desktop\rf4objects\КатушкиОбъекты\байткастинговые\bcr_5073.glb
bcr_5389,Minister 2000,C:\Users\danil\Desktop\rf4objects\КатушкиОбъекты\байткастинговые\bcr_5389.glb
bcr_5081,Black Box ZBB60,C:\Users\danil\Desktop\rf4objects\КатушкиОбъекты\байткастинговые\bcr_5081.glb
bcr_5080,Black Box ZBB50,C:\Users\danil\Desktop\rf4objects\КатушкиОбъекты\байткастинговые\bcr_5080.glb
bcr_5120,Compact ZC60,C:\Users\danil\Desktop\rf4objects\КатушкиОбъекты\байткастинговые\bcr_5120.glb
bcr_5082,Compact ZC50,C:\Users\danil\Desktop\rf4objects\КатушкиОбъекты\байткастинговые\bcr_5082.glb
bcr_5119,Compact ZC40,C:\Users\danil\Desktop\rf4objects\КатушкиОбъекты\байткастинговые\bcr_5119.glb
bcr_5198,Zodiac 500-R2,C:\Users\danil\Desktop\rf4objects\КатушкиОбъекты\байткастинговые\bcr_5198.glb
bcr_5197,Spider 400-R2,C:\Users\danil\Desktop\rf4objects\КатушкиОбъекты\байткастинговые\bcr_5197.glb
bcr_5034,Magellan 400,C:\Users\danil\Desktop\rf4objects\КатушкиОбъекты\байткастинговые\bcr_5034.glb
bcr_5196,Winner Round II,C:\Users\danil\Desktop\rf4objects\КатушкиОбъекты\байткастинговые\bcr_5196.glb
spin_5691,Furia 30000,C:\Users\danil\Desktop\rf4objects\КатушкиОбъекты\spin\spin_5691.glb
spin_5274,Turion SW 30000,C:\Users\danil\Desktop\rf4objects\КатушкиОбъекты\spin\spin_5274.glb
spin_6046,Venga II 30000,C:\Users\danil\Desktop\rf4objects\КатушкиОбъекты\spin\spin_6046.glb
spin_7002,Venga II 30000 Super 9,C:\Users\danil\Desktop\rf4objects\КатушкиОбъекты\spin\spin_7002.glb
spin_6047,Venga II 30000 First Edition,C:\Users\danil\Desktop\rf4objects\КатушкиОбъекты\spin\spin_6047.glb
spin_5326,Goliaf 30000,C:\Users\danil\Desktop\rf4objects\КатушкиОбъекты\spin\spin_5326.glb
spin_5690,Furia 20000,C:\Users\danil\Desktop\rf4objects\КатушкиОбъекты\spin\spin_5690.glb
spin_5273,Turion SW 20000,C:\Users\danil\Desktop\rf4objects\КатушкиОбъекты\spin\spin_5273.glb
spin_5325,Goliaf 20000,C:\Users\danil\Desktop\rf4objects\КатушкиОбъекты\spin\spin_5325.glb
spin_5272,Turion SW 10000,C:\Users\danil\Desktop\rf4objects\КатушкиОбъекты\spin\spin_5272.glb
spin_5689,Furia 10000,C:\Users\danil\Desktop\rf4objects\КатушкиОбъекты\spin\spin_5689.glb
spin_5688,Furia 10000 SHS,C:\Users\danil\Desktop\rf4objects\КатушкиОбъекты\spin\spin_5688.glb
spin_6045,Venga II 10000,C:\Users\danil\Desktop\rf4objects\КатушкиОбъекты\spin\spin_6045.glb
spin_7001,Venga II 10000 Super 9,C:\Users\danil\Desktop\rf4objects\КатушкиОбъекты\spin\spin_7001.glb
spin_6041,Venga Classic 10000,C:\Users\danil\Desktop\rf4objects\КатушкиОбъекты\spin\spin_6041.glb
spin_6042,Venga II 10000 Final,C:\Users\danil\Desktop\rf4objects\КатушкиОбъекты\spin\spin_6042.glb
spin_5928,Venga 10000 6 An.,C:\Users\danil\Desktop\rf4objects\КатушкиОбъекты\spin\spin_5928.glb
spin_5324,Goliaf 10000,C:\Users\danil\Desktop\rf4objects\КатушкиОбъекты\spin\spin_5324.glb
spin_6118,Admiral II 10000S,C:\Users\danil\Desktop\rf4objects\КатушкиОбъекты\spin\spin_6118.glb
spin_6038,Admiral II 10000S Superior,C:\Users\danil\Desktop\rf4objects\КатушкиОбъекты\spin\spin_6038.glb
spin_5699,Olaf Stark SP-SWG 100,C:\Users\danil\Desktop\rf4objects\КатушкиОбъекты\spin\spin_5699.glb
spin_5319,Azimut 10000,C:\Users\danil\Desktop\rf4objects\КатушкиОбъекты\spin\spin_5319.glb
spin_5679,Tagara II 10000,C:\Users\danil\Desktop\rf4objects\КатушкиОбъекты\spin\spin_5679.glb
spin_5719,Tagara II 10000 8-An.,C:\Users\danil\Desktop\rf4objects\КатушкиОбъекты\spin\spin_5719.glb
spin_5152,Tagara 10000,C:\Users\danil\Desktop\rf4objects\КатушкиОбъекты\spin\spin_5152.glb
spin_5271,Turion SW 8000,C:\Users\danil\Desktop\rf4objects\КатушкиОбъекты\spin\spin_5271.glb
spin_6044,Venga II 8000 SHS,C:\Users\danil\Desktop\rf4objects\КатушкиОбъекты\spin\spin_6044.glb
spin_5139,Venga 8000,C:\Users\danil\Desktop\rf4objects\КатушкиОбъекты\spin\spin_5139.glb
c_spin_5382,Megara 8000,C:\Users\danil\Desktop\rf4objects\КатушкиОбъекты\c_spin\c_spin_5382.glb
spin_5817,Overlord 88,C:\Users\danil\Desktop\rf4objects\КатушкиОбъекты\spin\spin_5817.glb
spin_5687,Bestia II 8000 SHS,C:\Users\danil\Desktop\rf4objects\КатушкиОбъекты\spin\spin_5687.glb
spin_5137,Bestia 8000,C:\Users\danil\Desktop\rf4objects\КатушкиОбъекты\spin\spin_5137.glb
spin_5318,Azimut 8000,C:\Users\danil\Desktop\rf4objects\КатушкиОбъекты\spin\spin_5318.glb
spin_6112,Admiral II 8000S,C:\Users\danil\Desktop\rf4objects\КатушкиОбъекты\spin\spin_6112.glb
spin_5222,Admiral 8000s,C:\Users\danil\Desktop\rf4objects\КатушкиОбъекты\spin\spin_5222.glb
spin_5678,Tagara II 8000,C:\Users\danil\Desktop\rf4objects\КатушкиОбъекты\spin\spin_5678.glb
spin_5151,Tagara 8000,C:\Users\danil\Desktop\rf4objects\КатушкиОбъекты\spin\spin_5151.glb
spin_5451,Silver 80,C:\Users\danil\Desktop\rf4objects\КатушкиОбъекты\spin\spin_5451.glb
spin_6090,Everest III 8000S,C:\Users\danil\Desktop\rf4objects\КатушкиОбъекты\spin\spin_6090.glb
spin_5118,Everest II 8000s,C:\Users\danil\Desktop\rf4objects\КатушкиОбъекты\spin\spin_5118.glb
spin_6006,Everest-24 8000s,C:\Users\danil\Desktop\rf4objects\КатушкиОбъекты\spin\spin_6006.glb
spin_5700,SG8000 Ultra Power,C:\Users\danil\Desktop\rf4objects\КатушкиОбъекты\spin\spin_5700.glb
c_spin_5383,Evia 8000,C:\Users\danil\Desktop\rf4objects\КатушкиОбъекты\c_spin\c_spin_5383.glb
spin_7016,Hunter 80S,C:\Users\danil\Desktop\rf4objects\КатушкиОбъекты\spin\spin_7016.glb
spin_7005,Hunter 80S 9-Years,C:\Users\danil\Desktop\rf4objects\КатушкиОбъекты\spin\spin_7005.glb
spin_5127,Natora 8000,C:\Users\danil\Desktop\rf4objects\КатушкиОбъекты\spin\spin_5127.glb
spin_6020,Natora 8000 Super Seven,C:\Users\danil\Desktop\rf4objects\КатушкиОбъекты\spin\spin_6020.glb
spin_6027,Velara 8000,C:\Users\danil\Desktop\rf4objects\КатушкиОбъекты\spin\spin_6027.glb
spin_6029,Velara 8000 Mystique,C:\Users\danil\Desktop\rf4objects\КатушкиОбъекты\spin\spin_6029.glb
c_spin_5387,Caliber 80 SLC,C:\Users\danil\Desktop\rf4objects\КатушкиОбъекты\c_spin\c_spin_5387.glb
spin_5078,Model 827,C:\Users\danil\Desktop\rf4objects\КатушкиОбъекты\spin\spin_5078.glb
spin_6005,Narga 8000 Super 7,C:\Users\danil\Desktop\rf4objects\КатушкиОбъекты\spin\spin_6005.glb
spin_5121,Narga 8000,C:\Users\danil\Desktop\rf4objects\КатушкиОбъекты\spin\spin_5121.glb
c_spin_5386,Caliber HSV 80 SLC,C:\Users\danil\Desktop\rf4objects\КатушкиОбъекты\c_spin\c_spin_5386.glb
spin_5703,Caliber HSV 80 SLC Raven,C:\Users\danil\Desktop\rf4objects\КатушкиОбъекты\spin\spin_5703.glb
spin_5195,Alfa 8000,C:\Users\danil\Desktop\rf4objects\КатушкиОбъекты\spin\spin_5195.glb
spin_5045,Gold 80s,C:\Users\danil\Desktop\rf4objects\КатушкиОбъекты\spin\spin_5045.glb
c_spin_5385,Titan 8000,C:\Users\danil\Desktop\rf4objects\КатушкиОбъекты\c_spin\c_spin_5385.glb
spin_6043,Venga II 6000,C:\Users\danil\Desktop\rf4objects\КатушкиОбъекты\spin\spin_6043.glb
spin_6040,Venga Classic 6000,C:\Users\danil\Desktop\rf4objects\КатушкиОбъекты\spin\spin_6040.glb
spin_6111,Admiral II 6000S,C:\Users\danil\Desktop\rf4objects\КатушкиОбъекты\spin\spin_6111.glb
spin_6037,Admiral II 6000S Superior,C:\Users\danil\Desktop\rf4objects\КатушкиОбъекты\spin\spin_6037.glb
spin_5221,Admiral 6000s,C:\Users\danil\Desktop\rf4objects\КатушкиОбъекты\spin\spin_5221.glb
spin_5680,Chronica II 6000,C:\Users\danil\Desktop\rf4objects\КатушкиОбъекты\spin\spin_5680.glb
spin_5686,Bestia II 6000 SHS,C:\Users\danil\Desktop\rf4objects\КатушкиОбъекты\spin\spin_5686.glb
spin_5216,Major ltd 2 6000s,C:\Users\danil\Desktop\rf4objects\КатушкиОбъекты\spin\spin_5216.glb
spin_5136,Bestia 6000,C:\Users\danil\Desktop\rf4objects\КатушкиОбъекты\spin\spin_5136.glb
spin_5698,Olaf SP 60,C:\Users\danil\Desktop\rf4objects\КатушкиОбъекты\spin\spin_5698.glb
spin_5401,P-Series 2 GS 60S,C:\Users\danil\Desktop\rf4objects\КатушкиОбъекты\spin\spin_5401.glb
spin_5819,Azimut 6000,C:\Users\danil\Desktop\rf4objects\КатушкиОбъекты\spin\spin_5819.glb
spin_5677,Tagara II 6000,C:\Users\danil\Desktop\rf4objects\КатушкиОбъекты\spin\spin_5677.glb
spin_5150_S8,Tagara 6000 Super 8,C:\Users\danil\Desktop\rf4objects\КатушкиОбъекты\spin\spin_5150_S8.glb
spin_6048,Overlord 656,C:\Users\danil\Desktop\rf4objects\КатушкиОбъекты\spin\spin_6048.glb
spin_5150,Tagara 6000,C:\Users\danil\Desktop\rf4objects\КатушкиОбъекты\spin\spin_5150.glb
spin_5344,Z-Series 2 60S,C:\Users\danil\Desktop\rf4objects\КатушкиОбъекты\spin\spin_5344.glb
spin_5453,Full Metal 60,C:\Users\danil\Desktop\rf4objects\КатушкиОбъекты\spin\spin_5453.glb
spin_6019,Evia 6000,C:\Users\danil\Desktop\rf4objects\КатушкиОбъекты\spin\spin_6019.glb
spin_6089,Everest III 6000S,C:\Users\danil\Desktop\rf4objects\КатушкиОбъекты\spin\spin_6089.glb
spin_7015,Hunter 60S,C:\Users\danil\Desktop\rf4objects\КатушкиОбъекты\spin\spin_7015.glb
spin_7004,Hunter 60S 9-Years,C:\Users\danil\Desktop\rf4objects\КатушкиОбъекты\spin\spin_7004.glb
spin_6087,Horizon III 6000S,C:\Users\danil\Desktop\rf4objects\КатушкиОбъекты\spin\spin_6087.glb
spin_5117,Everest II 6000s,C:\Users\danil\Desktop\rf4objects\КатушкиОбъекты\spin\spin_5117.glb
spin_5100,Commandor GS 60S,C:\Users\danil\Desktop\rf4objects\КатушкиОбъекты\spin\spin_5100.glb
spin_5126,Natora 6000,C:\Users\danil\Desktop\rf4objects\КатушкиОбъекты\spin\spin_5126.glb
spin_6039,Natora 6000 Supercarp,C:\Users\danil\Desktop\rf4objects\КатушкиОбъекты\spin\spin_6039.glb
spin_6026,Velara 6000,C:\Users\danil\Desktop\rf4objects\КатушкиОбъекты\spin\spin_6026.glb
spin_6028,Velara 6000 Mystique,C:\Users\danil\Desktop\rf4objects\КатушкиОбъекты\spin\spin_6028.glb
spin_5120,Narga 6000,C:\Users\danil\Desktop\rf4objects\КатушкиОбъекты\spin\spin_5120.glb
spin_5362,Commandor 2 60S,C:\Users\danil\Desktop\rf4objects\КатушкиОбъекты\spin\spin_5362.glb
spin_5194,Alfa 6000,C:\Users\danil\Desktop\rf4objects\КатушкиОбъекты\spin\spin_5194.glb
spin_5044,Gold 60s,C:\Users\danil\Desktop\rf4objects\КатушкиОбъекты\spin\spin_5044.glb
spin_5398,Pulsar 6000,C:\Users\danil\Desktop\rf4objects\КатушкиОбъекты\spin\spin_5398.glb
spin_5066,Sabre 60s,C:\Users\danil\Desktop\rf4objects\КатушкиОбъекты\spin\spin_5066.glb
c_spin_5384,Super Cast 6000s,C:\Users\danil\Desktop\rf4objects\КатушкиОбъекты\c_spin\c_spin_5384.glb
spin_5187,Proton 6000,C:\Users\danil\Desktop\rf4objects\КатушкиОбъекты\spin\spin_5187.glb
spin_5030,Pride 6000S,C:\Users\danil\Desktop\rf4objects\КатушкиОбъекты\spin\spin_5030.glb
spin_5027,Adriatica 5000S,C:\Users\danil\Desktop\rf4objects\КатушкиОбъекты\spin\spin_5027.glb
spin_5369,Chronica 6000,C:\Users\danil\Desktop\rf4objects\КатушкиОбъекты\spin\spin_5369.glb
spin_5135,Bestia 4000,C:\Users\danil\Desktop\rf4objects\КатушкиОбъекты\spin\spin_5135.glb
spin_6110,Admiral II 4000S,C:\Users\danil\Desktop\rf4objects\КатушкиОбъекты\spin\spin_6110.glb
spin_5220,Admiral 4000s,C:\Users\danil\Desktop\rf4objects\КатушкиОбъекты\spin\spin_5220.glb
spin_5149,Tagara 4000,C:\Users\danil\Desktop\rf4objects\КатушкиОбъекты\spin\spin_5149.glb
spin_5402,P-Series 2 GS 40S,C:\Users\danil\Desktop\rf4objects\КатушкиОбъекты\spin\spin_5402.glb
spin_5818,Azimut 4000,C:\Users\danil\Desktop\rf4objects\КатушкиОбъекты\spin\spin_5818.glb
spin_5345,Z-Series 2 40S,C:\Users\danil\Desktop\rf4objects\КатушкиОбъекты\spin\spin_5345.glb
spin_5215,Major ltd 2 4000s,C:\Users\danil\Desktop\rf4objects\КатушкиОбъекты\spin\spin_5215.glb
spin_5213,Major 2 4000s,C:\Users\danil\Desktop\rf4objects\КатушкиОбъекты\spin\spin_5213.glb
spin_6088,Everest III 4000S,C:\Users\danil\Desktop\rf4objects\КатушкиОбъекты\spin\spin_6088.glb
spin_7014,Hunter 40S,C:\Users\danil\Desktop\rf4objects\КатушкиОбъекты\spin\spin_7014.glb
spin_5116,Everest II 4000s,C:\Users\danil\Desktop\rf4objects\КатушкиОбъекты\spin\spin_5116.glb
spin_5099,Commandor GS 40S,C:\Users\danil\Desktop\rf4objects\КатушкиОбъекты\spin\spin_5099.glb
spin_5125,Natora 4000,C:\Users\danil\Desktop\rf4objects\КатушкиОбъекты\spin\spin_5125.glb
spin_5317,Conquest II 4000s,C:\Users\danil\Desktop\rf4objects\КатушкиОбъекты\spin\spin_5317.glb
spin_5363,Commandor 2 40S,C:\Users\danil\Desktop\rf4objects\КатушкиОбъекты\spin\spin_5363.glb
spin_5119,Narga 4000,C:\Users\danil\Desktop\rf4objects\КатушкиОбъекты\spin\spin_5119.glb
spin_5225,Bird 2 GSX 40S,C:\Users\danil\Desktop\rf4objects\КатушкиОбъекты\spin\spin_5225.glb
spin_5193,Alfa 4000,C:\Users\danil\Desktop\rf4objects\КатушкиОбъекты\spin\spin_5193.glb
spin_5390,Model De Luxe 430S,C:\Users\danil\Desktop\rf4objects\КатушкиОбъекты\spin\spin_5390.glb
spin_5041,Sabre 40s,C:\Users\danil\Desktop\rf4objects\КатушкиОбъекты\spin\spin_5041.glb
spin_5069_2,Horizon 2 4000s,C:\Users\danil\Desktop\rf4objects\КатушкиОбъекты\spin\spin_5069_2.glb
spin_5399,Pulsar 4000,C:\Users\danil\Desktop\rf4objects\КатушкиОбъекты\spin\spin_5399.glb
spin_5186,Proton 4000,C:\Users\danil\Desktop\rf4objects\КатушкиОбъекты\spin\spin_5186.glb
spin_5029,Pride 4000S,C:\Users\danil\Desktop\rf4objects\КатушкиОбъекты\spin\spin_5029.glb
spin_5360,Hercules G2 40s,C:\Users\danil\Desktop\rf4objects\КатушкиОбъекты\spin\spin_5360.glb
spin_5184,Element PRO 4000,C:\Users\danil\Desktop\rf4objects\КатушкиОбъекты\spin\spin_5184.glb
spin_5063,Dragon 40s,C:\Users\danil\Desktop\rf4objects\КатушкиОбъекты\spin\spin_5063.glb
spin_5180,Element 4000,C:\Users\danil\Desktop\rf4objects\КатушкиОбъекты\spin\spin_5180.glb
spin_5825,Lagoon-HP 2 4000S,C:\Users\danil\Desktop\rf4objects\КатушкиОбъекты\spin\spin_5825.glb
spin_5357,Lacerti-S 2 4000S,C:\Users\danil\Desktop\rf4objects\КатушкиОбъекты\spin\spin_5357.glb
spin_5358,Lacerti 2 4000S,C:\Users\danil\Desktop\rf4objects\КатушкиОбъекты\spin\spin_5358.glb
spin_6102,Lacerti-SX NG 4000,C:\Users\danil\Desktop\rf4objects\КатушкиОбъекты\spin\spin_6102.glb
spin_6101,Lacerti NG 4000,C:\Users\danil\Desktop\rf4objects\КатушкиОбъекты\spin\spin_6101.glb
spin_6093,Aviator SP 3000 XHS,C:\Users\danil\Desktop\rf4objects\КатушкиОбъекты\spin\spin_6093.glb
spin_5685,Bestia II 3000 SHS,C:\Users\danil\Desktop\rf4objects\КатушкиОбъекты\spin\spin_5685.glb
spin_5697,Olaf SP 30,C:\Users\danil\Desktop\rf4objects\КатушкиОбъекты\spin\spin_5697.glb
spin_5676,Tagara II 3000 SHS,C:\Users\danil\Desktop\rf4objects\КатушкиОбъекты\spin\spin_5676.glb
spin_5134,Bestia 3000,C:\Users\danil\Desktop\rf4objects\КатушкиОбъекты\spin\spin_5134.glb
spin_5403,P-Series 2 GS 30S,C:\Users\danil\Desktop\rf4objects\КатушкиОбъекты\spin\spin_5403.glb
spin_6115_g,Mayor III 3000S + 9 Years,C:\Users\danil\Desktop\rf4objects\КатушкиОбъекты\spin\spin_6115_g.glb
spin_5346,Z-Series 2 30S,C:\Users\danil\Desktop\rf4objects\КатушкиОбъекты\spin\spin_5346.glb
spin_5214,Mayor ltd 2 3000s,C:\Users\danil\Desktop\rf4objects\КатушкиОбъекты\spin\spin_5214.glb
spin_5124,Natora 3000,C:\Users\danil\Desktop\rf4objects\КатушкиОбъекты\spin\spin_5124.glb
spin_6025,Velara 3000,C:\Users\danil\Desktop\rf4objects\КатушкиОбъекты\spin\spin_6025.glb
spin_5352,Corsair 30S,C:\Users\danil\Desktop\rf4objects\КатушкиОбъекты\spin\spin_5352.glb
spin_6086,Horizon III 3000S,C:\Users\danil\Desktop\rf4objects\КатушкиОбъекты\spin\spin_6086.glb
spin_7006,Horizon III 3000S 9-Anniversary,C:\Users\danil\Desktop\rf4objects\КатушкиОбъекты\spin\spin_7006.glb
spin_5364,Commandor 2 30S,C:\Users\danil\Desktop\rf4objects\КатушкиОбъекты\spin\spin_5364.glb
spin_5224,Bird 2 GSX 30S,C:\Users\danil\Desktop\rf4objects\КатушкиОбъекты\spin\spin_5224.glb
spin_5043,Gold 30s,C:\Users\danil\Desktop\rf4objects\КатушкиОбъекты\spin\spin_5043.glb
spin_5227,Bird 2 GS 30S,C:\Users\danil\Desktop\rf4objects\КатушкиОбъекты\spin\spin_5227.glb
spin_5052_2,Mosquito 2 3000s,C:\Users\danil\Desktop\rf4objects\КатушкиОбъекты\spin\spin_5052_2.glb
spin_5068_2,Horizon 2 3000s,C:\Users\danil\Desktop\rf4objects\КатушкиОбъекты\spin\spin_5068_2.glb
spin_5217,Meteor 30s,C:\Users\danil\Desktop\rf4objects\КатушкиОбъекты\spin\spin_5217.glb
spin_5065,Pegasus 30s,C:\Users\danil\Desktop\rf4objects\КатушкиОбъекты\spin\spin_5065.glb
spin_5037,Dragon 30s,C:\Users\danil\Desktop\rf4objects\КатушкиОбъекты\spin\spin_5037.glb
spin_5183,Element PRO 3000,C:\Users\danil\Desktop\rf4objects\КатушкиОбъекты\spin\spin_5183.glb
spin_5026,Adriatica 3000S,C:\Users\danil\Desktop\rf4objects\КатушкиОбъекты\spin\spin_5026.glb
spin_5179,Element 3000,C:\Users\danil\Desktop\rf4objects\КатушкиОбъекты\spin\spin_5179.glb
spin_5359,Hydra G2 30s,C:\Users\danil\Desktop\rf4objects\КатушкиОбъекты\spin\spin_5359.glb
spin_5022,Lagoon 3000S,C:\Users\danil\Desktop\rf4objects\КатушкиОбъекты\spin\spin_5022.glb
spin_5823,Libra 2 3000S,C:\Users\danil\Desktop\rf4objects\КатушкиОбъекты\spin\spin_5823.glb
spin_5821,Spark 2 3000S,C:\Users\danil\Desktop\rf4objects\КатушкиОбъекты\spin\spin_5821.glb
spin_6092,Aviator SP 2000 XHS,C:\Users\danil\Desktop\rf4objects\КатушкиОбъекты\spin\spin_6092.glb
spin_5684,Bestia II 2000 SHS,C:\Users\danil\Desktop\rf4objects\КатушкиОбъекты\spin\spin_5684.glb
spin_5425,Overlord 3RS 20S,C:\Users\danil\Desktop\rf4objects\КатушкиОбъекты\spin\spin_5425.glb
spin_5356,JSX Inferno 20S,C:\Users\danil\Desktop\rf4objects\КатушкиОбъекты\spin\spin_5356.glb
spin_5423,Overlord 3GS 20S,C:\Users\danil\Desktop\rf4objects\КатушкиОбъекты\spin\spin_5423.glb
spin_5354,JSX 20S,C:\Users\danil\Desktop\rf4objects\КатушкиОбъекты\spin\spin_5354.glb
spin_6114,Major III 2000S,C:\Users\danil\Desktop\rf4objects\КатушкиОбъекты\spin\spin_6114.glb
spin_5133,Bestia 2000,C:\Users\danil\Desktop\rf4objects\КатушкиОбъекты\spin\spin_5133.glb
spin_5421,Overlord 3BS 20S,C:\Users\danil\Desktop\rf4objects\КатушкиОбъекты\spin\spin_5421.glb
spin_5696,Olaf SP 20,C:\Users\danil\Desktop\rf4objects\КатушкиОбъекты\spin\spin_5696.glb
spin_5419,Overlord 3E 20S,C:\Users\danil\Desktop\rf4objects\КатушкиОбъекты\spin\spin_5419.glb
spin_5404,P-Series 2 GS 20S,C:\Users\danil\Desktop\rf4objects\КатушкиОбъекты\spin\spin_5404.glb
spin_5219,Admiral 2000s,C:\Users\danil\Desktop\rf4objects\КатушкиОбъекты\spin\spin_5219.glb
spin_5347,Z-Series 2 20S,C:\Users\danil\Desktop\rf4objects\КатушкиОбъекты\spin\spin_5347.glb
spin_5417,Overlord 3B 20S,C:\Users\danil\Desktop\rf4objects\КатушкиОбъекты\spin\spin_5417.glb
spin_5212,Major 2 2000s,C:\Users\danil\Desktop\rf4objects\КатушкиОбъекты\spin\spin_5212.glb
spin_5415,Overlord 3 20S,C:\Users\danil\Desktop\rf4objects\КатушкиОбъекты\spin\spin_5415.glb
spin_5724,Overlord 3 20S 8-Years,C:\Users\danil\Desktop\rf4objects\КатушкиОбъекты\spin\spin_5724.glb
spin_5123,Natora 2000,C:\Users\danil\Desktop\rf4objects\КатушкиОбъекты\spin\spin_5123.glb
spin_5351,Corsair 20S,C:\Users\danil\Desktop\rf4objects\КатушкиОбъекты\spin\spin_5351.glb
spin_5365,Commandor 2 20S,C:\Users\danil\Desktop\rf4objects\КатушкиОбъекты\spin\spin_5365.glb
spin_5268,Narga 2000,C:\Users\danil\Desktop\rf4objects\КатушкиОбъекты\spin\spin_5268.glb
spin_5316,Conquest II 2000,C:\Users\danil\Desktop\rf4objects\КатушкиОбъекты\spin\spin_5316.glb
spin_5349,Bird 2 GSX 20S,C:\Users\danil\Desktop\rf4objects\КатушкиОбъекты\spin\spin_5349.glb
spin_6085,Horizon III 2000S,C:\Users\danil\Desktop\rf4objects\КатушкиОбъекты\spin\spin_6085.glb
spinreel_pelengas,Pelengas,C:\Users\danil\Desktop\rf4objects\КатушкиОбъекты\spinreel_pelengas.glb
spinreel_pelengas_2017,Pelengas 2017,C:\Users\danil\Desktop\rf4objects\КатушкиОбъекты\spinreel_pelengas_2017.glb
spinreel_pelengas_2025,Pelengas 2025,C:\Users\danil\Desktop\rf4objects\КатушкиОбъекты\spinreel_pelengas_2025.glb
spinreel_pelengas_2026,Pelengas 2026,C:\Users\danil\Desktop\rf4objects\КатушкиОбъекты\spinreel_pelengas_2026.glb
spin_5192,Alfa 2000,C:\Users\danil\Desktop\rf4objects\КатушкиОбъекты\spin\spin_5192.glb
spin_5103_2,Bird 2 20S,C:\Users\danil\Desktop\rf4objects\КатушкиОбъекты\spin\spin_5103_2.glb
spin_5001_2,Horizon 2 2000s,C:\Users\danil\Desktop\rf4objects\КатушкиОбъекты\spin\spin_5001_2.glb
old_spinreel,Vyatka-2,C:\Users\danil\Desktop\rf4objects\КатушкиОбъекты\old_spinreel.glb
spin_5400,Pulsar 2000,C:\Users\danil\Desktop\rf4objects\КатушкиОбъекты\spin\spin_5400.glb
spin_5040,Sirius 20S,C:\Users\danil\Desktop\rf4objects\КатушкиОбъекты\spin\spin_5040.glb
spin_5185,Proton 2000,C:\Users\danil\Desktop\rf4objects\КатушкиОбъекты\spin\spin_5185.glb
spin_5361,Hercules G2 20s,C:\Users\danil\Desktop\rf4objects\КатушкиОбъекты\spin\spin_5361.glb
spin_5028,Pride 2000S,C:\Users\danil\Desktop\rf4objects\КатушкиОбъекты\spin\spin_5028.glb
spin_5182,Element PRO 2000,C:\Users\danil\Desktop\rf4objects\КатушкиОбъекты\spin\spin_5182.glb
spin_5178,Element 2000,C:\Users\danil\Desktop\rf4objects\КатушкиОбъекты\spin\spin_5178.glb
spin_5824,Lagoon-HP 2 2000S,C:\Users\danil\Desktop\rf4objects\КатушкиОбъекты\spin\spin_5824.glb
spin_5826,Hydra Smart 2 25s,C:\Users\danil\Desktop\rf4objects\КатушкиОбъекты\spin\spin_5826.glb
spin_5822,Libra 2 2000S,C:\Users\danil\Desktop\rf4objects\КатушкиОбъекты\spin\spin_5822.glb
spin_5820,Spark 2 2000S,C:\Users\danil\Desktop\rf4objects\КатушкиОбъекты\spin\spin_5820.glb
spin_6091,Aviator SP 1000 XHS,C:\Users\danil\Desktop\rf4objects\КатушкиОбъекты\spin\spin_6091.glb
spin_7003,Aviator SP 1000 XHS 9-Years,C:\Users\danil\Desktop\rf4objects\КатушкиОбъекты\spin\spin_7003.glb
spin_5683,Bestia II 1000 SHS,C:\Users\danil\Desktop\rf4objects\КатушкиОбъекты\spin\spin_5683.glb
spin_5424,Overlord 3RS 10S,C:\Users\danil\Desktop\rf4objects\КатушкиОбъекты\spin\spin_5424.glb
spin_5355,JSX Inferno 10S,C:\Users\danil\Desktop\rf4objects\КатушкиОбъекты\spin\spin_5355.glb
spin_5422,Overlord 3GS 10S,C:\Users\danil\Desktop\rf4objects\КатушкиОбъекты\spin\spin_5422.glb
spin_5353,JSX 10S,C:\Users\danil\Desktop\rf4objects\КатушкиОбъекты\spin\spin_5353.glb
spin_6113,Major III 1000S,C:\Users\danil\Desktop\rf4objects\КатушкиОбъекты\spin\spin_6113.glb
spin_5420,Overlord 3BS 10S,C:\Users\danil\Desktop\rf4objects\КатушкиОбъекты\spin\spin_5420.glb
spin_5132,Bestia 1000,C:\Users\danil\Desktop\rf4objects\КатушкиОбъекты\spin\spin_5132.glb
spin_5405,P-Series 2 GS 10S,C:\Users\danil\Desktop\rf4objects\КатушкиОбъекты\spin\spin_5405.glb
spin_5418,Overlord 3E 10S,C:\Users\danil\Desktop\rf4objects\КатушкиОбъекты\spin\spin_5418.glb
spin_5695,Olaf SP 10,C:\Users\danil\Desktop\rf4objects\КатушкиОбъекты\spin\spin_5695.glb
spin_5218,Admiral 1000s,C:\Users\danil\Desktop\rf4objects\КатушкиОбъекты\spin\spin_5218.glb
spin_5348,Z-Series 2 10S,C:\Users\danil\Desktop\rf4objects\КатушкиОбъекты\spin\spin_5348.glb
spin_5416,Overlord 3B 10S,C:\Users\danil\Desktop\rf4objects\КатушкиОбъекты\spin\spin_5416.glb
spin_5414,Overlord 3 10S,C:\Users\danil\Desktop\rf4objects\КатушкиОбъекты\spin\spin_5414.glb
spin_5122,Natora 1000,C:\Users\danil\Desktop\rf4objects\КатушкиОбъекты\spin\spin_5122.glb
spin_6024,Velara 1000,C:\Users\danil\Desktop\rf4objects\КатушкиОбъекты\spin\spin_6024.glb
spin_5350,Corsair 10S,C:\Users\danil\Desktop\rf4objects\КатушкиОбъекты\spin\spin_5350.glb
spin_6084,Horizon III 1000S,C:\Users\danil\Desktop\rf4objects\КатушкиОбъекты\spin\spin_6084.glb
spin_5765,Fisher MT10,C:\Users\danil\Desktop\rf4objects\КатушкиОбъекты\spin\spin_5765.glb
spin_5223,Bird 2 GSX 10S,C:\Users\danil\Desktop\rf4objects\КатушкиОбъекты\spin\spin_5223.glb
spin_5191,Alfa 1000,C:\Users\danil\Desktop\rf4objects\КатушкиОбъекты\spin\spin_5191.glb
spin_5226,Bird 2 GS 10S,C:\Users\danil\Desktop\rf4objects\КатушкиОбъекты\spin\spin_5226.glb
spin_5051,EasySpin 1000s,C:\Users\danil\Desktop\rf4objects\КатушкиОбъекты\spin\spin_5051.glb
spin_5039,Pegasus 10s,C:\Users\danil\Desktop\rf4objects\КатушкиОбъекты\spin\spin_5039.glb
spin_5181,Element PRO 1000,C:\Users\danil\Desktop\rf4objects\КатушкиОбъекты\spin\spin_5181.glb
spin_5177,Element 1000,C:\Users\danil\Desktop\rf4objects\КатушкиОбъекты\spin\spin_5177.glb
spin_5023,Lagoon 1000S,C:\Users\danil\Desktop\rf4objects\КатушкиОбъекты\spin\spin_5023.glb
elcon_5969,Electro Raptor 40,C:\Users\danil\Desktop\rf4objects\КатушкиОбъекты\рапторы\elcon_5969.glb
elcon_5968,Electro Raptor 20,C:\Users\danil\Desktop\rf4objects\КатушкиОбъекты\рапторы\elcon_5968.glb
conv_5972,Borealica 40DS,C:\Users\danil\Desktop\rf4objects\КатушкиОбъекты\силовые мультипликаторы\conv_5972.glb
conv_5313,Borealica 30DS,C:\Users\danil\Desktop\rf4objects\КатушкиОбъекты\силовые мультипликаторы\conv_5313.glb
conv_5312,Borealica 20DS,C:\Users\danil\Desktop\rf4objects\КатушкиОбъекты\силовые мультипликаторы\conv_5312.glb
conv_5174,Imperial C40 2S,C:\Users\danil\Desktop\rf4objects\КатушкиОбъекты\силовые мультипликаторы\conv_5174.glb
conv_5411,Triumph 30 2S,C:\Users\danil\Desktop\rf4objects\КатушкиОбъекты\силовые мультипликаторы\conv_5411.glb
conv_5718,Triumph 30 2S 8-An.,C:\Users\danil\Desktop\rf4objects\КатушкиОбъекты\силовые мультипликаторы\conv_5718.glb
conv_5410,Triumph 20 2S,C:\Users\danil\Desktop\rf4objects\КатушкиОбъекты\силовые мультипликаторы\conv_5410.glb
conv_5409,Triumph 10 2S,C:\Users\danil\Desktop\rf4objects\КатушкиОбъекты\силовые мультипликаторы\conv_5409.glb
conv_5173,Venga C 40 2S,C:\Users\danil\Desktop\rf4objects\КатушкиОбъекты\силовые мультипликаторы\conv_5173.glb
conv_7008,Venga C 40 2S 9-An.,C:\Users\danil\Desktop\rf4objects\КатушкиОбъекты\силовые мультипликаторы\conv_7008.glb
conv_5172,Venga C 30 2S,C:\Users\danil\Desktop\rf4objects\КатушкиОбъекты\силовые мультипликаторы\conv_5172.glb
conv_5171,Venga C 20 2S,C:\Users\danil\Desktop\rf4objects\КатушкиОбъекты\силовые мультипликаторы\conv_5171.glb
conv_5310,Albacore 40 DS,C:\Users\danil\Desktop\rf4objects\КатушкиОбъекты\силовые мультипликаторы\conv_5310.glb
conv_5309,Albacore 20,C:\Users\danil\Desktop\rf4objects\КатушкиОбъекты\силовые мультипликаторы\conv_5309.glb
conv_5170,Taiga 40 2S,C:\Users\danil\Desktop\rf4objects\КатушкиОбъекты\силовые мультипликаторы\conv_5170.glb
conv_5169,Taiga 20 2S,C:\Users\danil\Desktop\rf4objects\КатушкиОбъекты\силовые мультипликаторы\conv_5169.glb
conv_5993,California 40,C:\Users\danil\Desktop\rf4objects\КатушкиОбъекты\силовые мультипликаторы\conv_5993.glb
conv_6105,Tongar 2Gen 30 DS,C:\Users\danil\Desktop\rf4objects\КатушкиОбъекты\силовые мультипликаторы\conv_6105.glb
conv_6104,Tongar 2Gen 20 DS,C:\Users\danil\Desktop\rf4objects\КатушкиОбъекты\силовые мультипликаторы\conv_6104.glb
conv_6103,Tongar 2Gen 20,C:\Users\danil\Desktop\rf4objects\КатушкиОбъекты\силовые мультипликаторы\conv_6103.glb
conv_5168,Tera L-LD 40,C:\Users\danil\Desktop\rf4objects\КатушкиОбъекты\силовые мультипликаторы\conv_5168.glb
conv_5167,Tera L-LD 30,C:\Users\danil\Desktop\rf4objects\КатушкиОбъекты\силовые мультипликаторы\conv_5167.glb
conv_5166,Tera L-LD 20,C:\Users\danil\Desktop\rf4objects\КатушкиОбъекты\силовые мультипликаторы\conv_5166.glb
conv_5382,Cardinal 30 2S,C:\Users\danil\Desktop\rf4objects\КатушкиОбъекты\силовые мультипликаторы\conv_5382.glb
conv_5381,Cardinal 30,C:\Users\danil\Desktop\rf4objects\КатушкиОбъекты\силовые мультипликаторы\conv_5381.glb
conv_5380,Cardinal 20 2S,C:\Users\danil\Desktop\rf4objects\КатушкиОбъекты\силовые мультипликаторы\conv_5380.glb
conv_5379,Cardinal 20,C:\Users\danil\Desktop\rf4objects\КатушкиОбъекты\силовые мультипликаторы\conv_5379.glb
conv_5378,Cardinal 10,C:\Users\danil\Desktop\rf4objects\КатушкиОбъекты\силовые мультипликаторы\conv_5378.glb
conv_5304,Palomar 30,C:\Users\danil\Desktop\rf4objects\КатушкиОбъекты\силовые мультипликаторы\conv_5304.glb
conv_5303,Palomar 20,C:\Users\danil\Desktop\rf4objects\КатушкиОбъекты\силовые мультипликаторы\conv_5303.glb
conv_5302,Palomar 10,C:\Users\danil\Desktop\rf4objects\КатушкиОбъекты\силовые мультипликаторы\conv_5302.glb
conv_5165,Tera C-LW 40,C:\Users\danil\Desktop\rf4objects\КатушкиОбъекты\силовые мультипликаторы\conv_5165.glb
conv_5164,Tera C-LW 30LC,C:\Users\danil\Desktop\rf4objects\КатушкиОбъекты\силовые мультипликаторы\conv_5164.glb
conv_5163,Tera C-LW 30,C:\Users\danil\Desktop\rf4objects\КатушкиОбъекты\силовые мультипликаторы\conv_5163.glb
conv_5162,Tera C-LW 20,C:\Users\danil\Desktop\rf4objects\КатушкиОбъекты\силовые мультипликаторы\conv_5162.glb
conv_5392,Billionaire CNV 30 MS,C:\Users\danil\Desktop\rf4objects\КатушкиОбъекты\силовые мультипликаторы\conv_5392.glb
conv_5391,Billionaire CNV 20,C:\Users\danil\Desktop\rf4objects\КатушкиОбъекты\силовые мультипликаторы\conv_5391.glb
conv_5390,Billionaire CNV 10,C:\Users\danil\Desktop\rf4objects\КатушкиОбъекты\силовые мультипликаторы\conv_5390.glb
conv_5161,Taiga C 40,C:\Users\danil\Desktop\rf4objects\КатушкиОбъекты\силовые мультипликаторы\conv_5161.glb
conv_5160,Taiga C 30,C:\Users\danil\Desktop\rf4objects\КатушкиОбъекты\силовые мультипликаторы\conv_5160.glb
conv_6015,Taiga C 30 2S 7-An.,C:\Users\danil\Desktop\rf4objects\КатушкиОбъекты\силовые мультипликаторы\conv_6015.glb
conv_5159,Taiga C 20,C:\Users\danil\Desktop\rf4objects\КатушкиОбъекты\силовые мультипликаторы\conv_5159.glb
conv_5377,Rigal 20 2S,C:\Users\danil\Desktop\rf4objects\КатушкиОбъекты\силовые мультипликаторы\conv_5377.glb
conv_5301,Oriental 30,C:\Users\danil\Desktop\rf4objects\КатушкиОбъекты\силовые мультипликаторы\conv_5301.glb
conv_5708,Oriental Noble F30,C:\Users\danil\Desktop\rf4objects\КатушкиОбъекты\силовые мультипликаторы\conv_5708.glb
conv_5300,Oriental 20,C:\Users\danil\Desktop\rf4objects\КатушкиОбъекты\силовые мультипликаторы\conv_5300.glb
conv_5706,Oriental Noble F20,C:\Users\danil\Desktop\rf4objects\КатушкиОбъекты\силовые мультипликаторы\conv_5706.glb
conv_5397,SteelHead C-30,C:\Users\danil\Desktop\rf4objects\КатушкиОбъекты\силовые мультипликаторы\conv_5397.glb
conv_5396,SteelHead C-20,C:\Users\danil\Desktop\rf4objects\КатушкиОбъекты\силовые мультипликаторы\conv_5396.glb
conv_5395,SteelHead C-10,C:\Users\danil\Desktop\rf4objects\КатушкиОбъекты\силовые мультипликаторы\conv_5395.glb
conv_5157,Isinga C-LW 30,C:\Users\danil\Desktop\rf4objects\КатушкиОбъекты\силовые мультипликаторы\conv_5157.glb
conv_5155,Isinga C-LW 20,C:\Users\danil\Desktop\rf4objects\КатушкиОбъекты\силовые мультипликаторы\conv_5155.glb
conv_5153,Isinga C-LW 10,C:\Users\danil\Desktop\rf4objects\КатушкиОбъекты\силовые мультипликаторы\conv_5153.glb
conv_5299,Argus 30,C:\Users\danil\Desktop\rf4objects\КатушкиОбъекты\силовые мультипликаторы\conv_5299.glb
conv_5297,Argus 20,C:\Users\danil\Desktop\rf4objects\КатушкиОбъекты\силовые мультипликаторы\conv_5297.glb
conv_5296,Argus 10,C:\Users\danil\Desktop\rf4objects\КатушкиОбъекты\силовые мультипликаторы\conv_5296.glb
conv_5376,Halibut 20 2S,C:\Users\danil\Desktop\rf4objects\КатушкиОбъекты\силовые мультипликаторы\conv_5376.glb
conv_5375,Halibut 20,C:\Users\danil\Desktop\rf4objects\КатушкиОбъекты\силовые мультипликаторы\conv_5375.glb
conv_5229,Altitude 20 DLC,C:\Users\danil\Desktop\rf4objects\КатушкиОбъекты\силовые мультипликаторы\conv_5229.glb
conv_5228,Altitude 10 DLC,C:\Users\danil\Desktop\rf4objects\КатушкиОбъекты\силовые мультипликаторы\conv_5228.glb
conv_5148,Hamra C-LW 30,C:\Users\danil\Desktop\rf4objects\КатушкиОбъекты\силовые мультипликаторы\conv_5148.glb
conv_5146,Hamra C-LW 20,C:\Users\danil\Desktop\rf4objects\КатушкиОбъекты\силовые мультипликаторы\conv_5146.glb
conv_5145,Hamra C-LW 10,C:\Users\danil\Desktop\rf4objects\КатушкиОбъекты\силовые мультипликаторы\conv_5145.glb
conv_5371,Seagull 30,C:\Users\danil\Desktop\rf4objects\КатушкиОбъекты\силовые мультипликаторы\conv_5371.glb
conv_5370,Seagull 20,C:\Users\danil\Desktop\rf4objects\КатушкиОбъекты\силовые мультипликаторы\conv_5370.glb
conv_5144,Narga C-LW 30,C:\Users\danil\Desktop\rf4objects\КатушкиОбъекты\силовые мультипликаторы\conv_5144.glb
conv_5143,Narga C-LW 20,C:\Users\danil\Desktop\rf4objects\КатушкиОбъекты\силовые мультипликаторы\conv_5143.glb
conv_5142,Narga C-LW 10,C:\Users\danil\Desktop\rf4objects\КатушкиОбъекты\силовые мультипликаторы\conv_5142.glb
conv_5369,Simplex 400,C:\Users\danil\Desktop\rf4objects\КатушкиОбъекты\силовые мультипликаторы\conv_5369.glb
conv_5367,Simplex 300,C:\Users\danil\Desktop\rf4objects\КатушкиОбъекты\силовые мультипликаторы\conv_5367.glb
conv_5366,Simplex 200,C:\Users\danil\Desktop\rf4objects\КатушкиОбъекты\силовые мультипликаторы\conv_5366.glb
conv_5394,Zodiac С-20,C:\Users\danil\Desktop\rf4objects\КатушкиОбъекты\силовые мультипликаторы\conv_5394.glb
conv_5393,Zodiac С-10,C:\Users\danil\Desktop\rf4objects\КатушкиОбъекты\силовые мультипликаторы\conv_5393.glb
conv_5210,Winner Trolling 30,C:\Users\danil\Desktop\rf4objects\КатушкиОбъекты\силовые мультипликаторы\conv_5210.glb
conv_5209,Winner Trolling 20,C:\Users\danil\Desktop\rf4objects\КатушкиОбъекты\силовые мультипликаторы\conv_5209.glb
conv_5208,Winner Trolling 10,C:\Users\danil\Desktop\rf4objects\КатушкиОбъекты\силовые мультипликаторы\conv_5208.glb
bclp_5380,Jet-Series ULX LP-R,C:\Users\danil\Desktop\rf4objects\КатушкиОбъекты\низкопрофильные\bclp_5380.glb
bclp_5358,JSX Inferno LP-R,C:\Users\danil\Desktop\rf4objects\КатушкиОбъекты\низкопрофильные\bclp_5358.glb
bclp_5103,Jet-Series JSXHS-R,C:\Users\danil\Desktop\rf4objects\КатушкиОбъекты\низкопрофильные\bclp_5103.glb
bclp_5004,Jet-Series JSX-R,C:\Users\danil\Desktop\rf4objects\КатушкиОбъекты\низкопрофильные\bclp_5004.glb
bclp_5379,Polestar ELT LP-R,C:\Users\danil\Desktop\rf4objects\КатушкиОбъекты\низкопрофильные\bclp_5379.glb
bclp_5675,Skipper LP-R HS,C:\Users\danil\Desktop\rf4objects\КатушкиОбъекты\низкопрофильные\bclp_5675.glb
bclp_5701,Magma XHS-LP,C:\Users\danil\Desktop\rf4objects\КатушкиОбъекты\низкопрофильные\bclp_5701.glb
bclp_7007,Magma XHS-LP 9-Years,C:\Users\danil\Desktop\rf4objects\КатушкиОбъекты\низкопрофильные\bclp_7007.glb
bclp_5357,Jet-Bullet LP HS-R,C:\Users\danil\Desktop\rf4objects\КатушкиОбъекты\низкопрофильные\bclp_5357.glb
bclp_5700,Olaf HS-LP,C:\Users\danil\Desktop\rf4objects\КатушкиОбъекты\низкопрофильные\bclp_5700.glb
bclp_5091,Jet-Series JSGHS-R,C:\Users\danil\Desktop\rf4objects\КатушкиОбъекты\низкопрофильные\bclp_5091.glb
bclp_5090,Jet-Series JSG-R,C:\Users\danil\Desktop\rf4objects\КатушкиОбъекты\низкопрофильные\bclp_5090.glb
bclp_5331,Pillar 2 TPC-R-HS,C:\Users\danil\Desktop\rf4objects\КатушкиОбъекты\низкопрофильные\bclp_5331.glb
bclp_5330,Pillar 2 TPC-R,C:\Users\danil\Desktop\rf4objects\КатушкиОбъекты\низкопрофильные\bclp_5330.glb
bclp_5088,Zero GS ZG-R,C:\Users\danil\Desktop\rf4objects\КатушкиОбъекты\низкопрофильные\bclp_5088.glb
bclp_5406,Mayor 2 TMC-R,C:\Users\danil\Desktop\rf4objects\КатушкиОбъекты\низкопрофильные\bclp_5406.glb
bclp_5089,Jet-Series JS-R,C:\Users\danil\Desktop\rf4objects\КатушкиОбъекты\низкопрофильные\bclp_5089.glb
bclp_5335,Zero 2 Z-R,C:\Users\danil\Desktop\rf4objects\КатушкиОбъекты\низкопрофильные\bclp_5335.glb
bclp_5336,Zero 2 ZHS-R,C:\Users\danil\Desktop\rf4objects\КатушкиОбъекты\низкопрофильные\bclp_5336.glb
bclp_5670,Alfa Pro LP,C:\Users\danil\Desktop\rf4objects\КатушкиОбъекты\низкопрофильные\bclp_5670.glb
bclp_5334,Pro Bird 2 MS-R,C:\Users\danil\Desktop\rf4objects\КатушкиОбъекты\низкопрофильные\bclp_5334.glb
bclp_5329,Spectrum TSH-R,C:\Users\danil\Desktop\rf4objects\КатушкиОбъекты\низкопрофильные\bclp_5329.glb
bclp_5333,Silver Bird 2 LS-R,C:\Users\danil\Desktop\rf4objects\КатушкиОбъекты\низкопрофильные\bclp_5333.glb
bclp_5328,Charger 2 TC-R,C:\Users\danil\Desktop\rf4objects\КатушкиОбъекты\низкопрофильные\bclp_5328.glb
bclp_5067,T-Tech STT-HSR,C:\Users\danil\Desktop\rf4objects\КатушкиОбъекты\низкопрофильные\bclp_5067.glb
bclp_5033,T-Tech STT-R,C:\Users\danil\Desktop\rf4objects\КатушкиОбъекты\низкопрофильные\bclp_5033.glb
bclp_5327,Nitro 2 TN-R,C:\Users\danil\Desktop\rf4objects\КатушкиОбъекты\низкопрофильные\bclp_5327.glb
bclp_5343,Thunderbolt SSP HS-R,C:\Users\danil\Desktop\rf4objects\КатушкиОбъекты\низкопрофильные\bclp_5343.glb
bclp_5342,SportPro X2 MS-R,C:\Users\danil\Desktop\rf4objects\КатушкиОбъекты\низкопрофильные\bclp_5342.glb
bclp_5332,Black Bird 2 LS-R,C:\Users\danil\Desktop\rf4objects\КатушкиОбъекты\низкопрофильные\bclp_5332.glb
bclp_5341,Riva 2 MS-R,C:\Users\danil\Desktop\rf4objects\КатушкиОбъекты\низкопрофильные\bclp_5341.glb
bclp_5031,Energy SNB-R,C:\Users\danil\Desktop\rf4objects\КатушкиОбъекты\низкопрофильные\bclp_5031.glb
bclp_6100,Winner NG LP-HS,C:\Users\danil\Desktop\rf4objects\КатушкиОбъекты\низкопрофильные\bclp_6100.glb
bclp_5339,Opyimus,C:\Users\danil\Desktop\rf4objects\КатушкиОбъекты\низкопрофильные\bclp_5339.glb
bclp_5338,Profisher,C:\Users\danil\Desktop\rf4objects\КатушкиОбъекты\низкопрофильные\bclp_5338.glb