name,category,brend,source_url,size,protection,test,test_mod,per,per_mod,speed,speed_mod,frik,frik_mod,meh,meh_mod,lvl,price_ser,price_gold,capacity,capacity_mod,system_id,photo
Rocket Jet SG80,Байткастинговые,Zeiman,https://potryasovgame.ru/page113477646.html,8000,true,"31,5",,"3,9:1","5,1:1","147,5",,"0,56",,"30,8",,28,31989,"155,92",,,bcr_6010,/uploads/reels/bcr_6010.png
Minister CS ES60,Байткастинговые,Zeiman,https://potryasovgame.ru/page113477646.html,6000,false,"11,5",7,"4,7:1",,"143,56",,"0,49",,"26,3",,30,26999,"134,99",,,bcr_5462,/uploads/reels/bcr_5462.png
Phantom Super,Байткастинговые,Zeiman,https://potryasovgame.ru/page113477646.html,2000,false,"3,2",2,"8,1:1","10,1:1","63,7","38,2","0,88","1,14",11,,28,24445,"123,59",,,bcr_6013,/uploads/reels/bcr_6013.png
Rocket Jet SG70,Байткастинговые,Zeiman,https://potryasovgame.ru/page113477646.html,7000,true,18,"15,5","4,1:1","5,1:1",136,,"0,51",,"27,2",,28,23998,"122,42",,,bcr_6009,/uploads/reels/bcr_6009.png
Centauri ZC80,Байткастинговые,Zeiman,https://potryasovgame.ru/page113477646.html,8000,true,35,"29,5","4,7:1",,"125,85",,"0,57",,"23,5","24,3",28,20948,"113,6",,,bcr_5079,/uploads/reels/bcr_5079.png
Centauri ZC70,Байткастинговые,Zeiman,https://potryasovgame.ru/page113477646.html,7000,true,"27,5",23,"4,7:1",,"117,4",,"0,57",,"20,4","21,9",28,15999,"95,99",,,bcr_5078,/uploads/reels/bcr_5078.png
Classic SG70,Байткастинговые,Zeiman,https://potryasovgame.ru/page113477646.html,7000,true,"27,5",,"4,1:1",,"114,77",,"0,5",,"23,5",,27,16594,"98,34",,,bcr_5975,/uploads/reels/bcr_5975.png
Monster LD60,Байткастинговые,Zeiman,https://potryasovgame.ru/page113477646.html,6000,false,11,"9,5","5,1:1",,"90,17",,"0,55",,"20,9","21,9",28,15318,"93,22",,,bcr_5366,/uploads/reels/bcr_5366.png
Minister NGT LD60,Байткастинговые,Zeiman,https://potryasovgame.ru/page113477646.html,6000,false,15,7,"5,1:1",,"97,75",,"0,53",,20,21,28,13425,"85,05",,,bcr_5365,/uploads/reels/bcr_5365.png
Minister NGT LD50,Байткастинговые,Zeiman,https://potryasovgame.ru/page113477646.html,5000,false,10,"3,1","5,3:1",,"92,01",,"0,55",,19,"19,9",28,11499,"75,99",,,bcr_5364,/uploads/reels/bcr_5364.png
Minister CS LD60,Байткастинговые,Zeiman,https://potryasovgame.ru/page113477646.html,6000,false,13,7,"5,1:1",,"116,46",,"0,53",,20,21,28,14999,"91,9",,,bcr_5460,/uploads/reels/bcr_5460.png
Minister CS PG60,Байткастинговые,Zeiman,https://potryasovgame.ru/page113477646.html,6000,false,"15,5",7,"3,8:1",,"116,64",,"0,4","0,45",19,"19,9",27,13999,"87,61",,,bcr_5458,/uploads/reels/bcr_5458.png
Minister CS SR60,Байткастинговые,Zeiman,https://potryasovgame.ru/page113477646.html,6000,false,"15,5",7,"5,1:1",,"103,5",,"0,53",,19,"19,9",27,12800,"82,2",,,bcr_5459,/uploads/reels/bcr_5459.png
Minister CS SG60,Байткастинговые,Zeiman,https://potryasovgame.ru/page113477646.html,6000,false,"15,5",7,"5,1:1",,"110,97",,"0,53",,"18,1",,26,12000,"78,42",,,bcr_5456,/uploads/reels/bcr_5456.png
ZM-3 Spear SG70,Байткастинговые,Zeiman,https://potryasovgame.ru/page113477646.html,7000,true,29,24,"4,1:1",,"97,45",,"0,5",,19,"19,9",27,11433,"75,67",,,bcr_5362,/uploads/reels/bcr_5362.png
ZM Ranger Z70,Байткастинговые,Zeiman,https://potryasovgame.ru/page113477646.html,7000,true,29,"24,5","4,1:1",,"88,19",,"0,5",,"18,1",,25,9977,"68,25",,,bcr_5361,/uploads/reels/bcr_5361.png
ZM Ranger Z60,Байткастинговые,Zeiman,https://potryasovgame.ru/page113477646.html,6000,false,13,11,"5,3:1",,"78,01",,"0,55",,"15,9",,25,6299,"47,17",,,bcr_5360,/uploads/reels/bcr_5360.png
Minister CS 60,Байткастинговые,Zeiman,https://potryasovgame.ru/page113477646.html,6000,false,"15,5",7,"5,1:1",,"99,68",,"0,53","0,6","17,2",18,26,9700,"66,78",,,bcr_5455,/uploads/reels/bcr_5455.png
Imperial R605,Байткастинговые,Beluga,https://potryasovgame.ru/page113477646.html,6000,false,15,,"4,4:1",,"99,41",,"0,42",,"16,5","18,1",28,9117,"62,64",,,bcr_5923,/uploads/reels/bcr_5923.png
ZM-Steelness ZMS60,Байткастинговые,Zeiman,https://potryasovgame.ru/page113477646.html,6000,false,"15,5",7,"5,3:1",,"91,84",,"0,55",,"17,2",18,26,8500,"60,21",,,bcr_5077,/uploads/reels/bcr_5077.png
ZM-Steelness ZMS50,Байткастинговые,Zeiman,https://potryasovgame.ru/page113477646.html,5000,false,"10,5","3,1","6,8:1",,"82,99",,"0,71",,"17,2",18,26,7785,"56,12",,,bcr_5076,/uploads/reels/bcr_5076.png
SAL5000,Байткастинговые,Tama,https://potryasovgame.ru/page113477646.html,5000,false,11,"6,5","5,3:1","6,2:1","104,11","89,41","0,55",,"18,2",,28,7999,"57,36",,,bcr_5452,/uploads/reels/bcr_5452.png
Billionare HV 60R,Байткастинговые,Trident,https://potryasovgame.ru/page113477646.html,6000,false,"18,5",15,"5,1:1",,77,,"0,57",,18,19,26,7510,"54,51",,,bcr_5048,/uploads/reels/bcr_5048.png
ZM-4 Z60,Байткастинговые,Zeiman,https://potryasovgame.ru/page113477646.html,6000,false,"13,5",7,"6,3:1","7,1:1","74,19","63,65","0,66",,15,"15,6",24,5537,"42,33",,,bcr_5072,/uploads/reels/bcr_5072.png
ZM-4 Z-60 8-Years,Байткастинговые,Zeiman,https://potryasovgame.ru/page113477646.html,6000,false,"13,5",7,"6,1:1",,"76,08",,"0,64",,15,"15,6",24,,,,,bcr_5723,/uploads/reels/bcr_5723.png
ZM-4 Z50,Байткастинговые,Zeiman,https://potryasovgame.ru/page113477646.html,5000,false,"10,5","3,1","6,3:1","7,1:1","68,95","63,65","0,66",,15,"15,6",24,4599,"36,12",,,bcr_5071,/uploads/reels/bcr_5071.png
ZM-4 Z40,Байткастинговые,Zeiman,https://potryasovgame.ru/page113477646.html,4000,false,"6,5","1,9","6,3:1","7,1:1","63,34","63,65","0,66",,"12,7",14,24,4097,"32,67",,,bcr_5007,/uploads/reels/bcr_5007.png
ZM-4 Z-40 8-Years,Байткастинговые,Zeiman,https://potryasovgame.ru/page113477646.html,4000,false,"6,5","1,9","7,1:1",,"63,65",,"0,74",,"12,7",14,22,,,,,bcr_5717,/uploads/reels/bcr_5717.png
Castmaster  LGR1973,Байткастинговые,Aquatica,https://potryasovgame.ru/page113477646.html,5000,false,"12,5","11,5","3,2:1","5,7:1","72,94","65,42","0,34","0,62","15,4",,22,4199,"33,38",,,bcr_5764,/uploads/reels/bcr_5764.png
SteelHead 600-R,Байткастинговые,Syberia,https://potryasovgame.ru/page113477646.html,6000,false,"25,5",20,"5,1:1",,53,,"0,56",,16,"16,8",22,4711,"36,88",,,bcr_5062,/uploads/reels/bcr_5062.png
SteelHead 500-R,Байткастинговые,Syberia,https://potryasovgame.ru/page113477646.html,5000,false,"15,5",12,"5,1:1",,"39,75",,"0,56",,"12,5","13,7",22,2358,"19,95",,,bcr_5011,/uploads/reels/bcr_5011.png
Billionare 60R,Байткастинговые,Trident,https://potryasovgame.ru/page113477646.html,6000,false,"17,5","6,5","5,1:1","5,1:1","71,05","56,82","0,57",,"13,6",15,24,3797,"30,56",,,bcr_5070,/uploads/reels/bcr_5070.png
Billionare 50R,Байткастинговые,Trident,https://potryasovgame.ru/page113477646.html,5000,false,12,"3,2","5,1:1","5,1:1","56,86","71,05","0,57",,11,"12,6",22,2299,"19,5",,,bcr_5008,/uploads/reels/bcr_5008.png
ZM-3 Z60,Байткастинговые,Zeiman,https://potryasovgame.ru/page113477646.html,6000,false,17,7,"5,3:1","7,1:1","56,19","63,65","0,55",,"12,7",14,22,3408,"27,78",,,bcr_5075,/uploads/reels/bcr_5075.png
ZM-3 Z50,Байткастинговые,Zeiman,https://potryasovgame.ru/page113477646.html,5000,false,"11,5","3,1","5,3:1","7,1:1","51,97","63,65","0,55",,"12,7",14,22,2989,"24,71",,,bcr_5074,/uploads/reels/bcr_5074.png
ZM-3 Z40,Байткастинговые,Zeiman,https://potryasovgame.ru/page113477646.html,4000,false,"7,5","1,9","5,3:1","7,1:1","49,58","63,65","0,55",,11,"12,6",22,2499,"21,03",,,bcr_5073,/uploads/reels/bcr_5073.png
Minister 2000,Байткастинговые,Zeiman,https://potryasovgame.ru/page113477646.html,2000,false,"5,5","5,5","4,5:1","6,0:1","54,54",,"0,5",,"8,6",,23,2126,"18,15",,,bcr_5389,/uploads/reels/bcr_5389.png
Black Box ZBB60,Байткастинговые,Zeiman,https://potryasovgame.ru/page113477646.html,6000,false,18,"6,5","5,9:1","5,9:1",40,"37,14","0,62","0,69",11,"12,6",20,1570,"13,73",,,bcr_5081,/uploads/reels/bcr_5081.png
Black Box ZBB50,Байткастинговые,Zeiman,https://potryasovgame.ru/page113477646.html,5000,false,"11,5","3,7","5,9:1","5,9:1","37,14","39,87","0,62",,9,,20,1160,"10,34",,,bcr_5080,/uploads/reels/bcr_5080.png
Compact ZC60,Байткастинговые,Zeiman,https://potryasovgame.ru/page113477646.html,6000,false,"23,5","19,5","5,3:1",,"35,08",,"0,56",,9,,18,1124,"10,05",,,bcr_5120,/uploads/reels/bcr_5120.png
Compact ZC50,Байткастинговые,Zeiman,https://potryasovgame.ru/page113477646.html,5000,false,"13,5","11,5","5,3:1",,"33,42",,"0,56",,"8,6",,18,949,"8,56",,,bcr_5082,/uploads/reels/bcr_5082.png
Compact ZC40,Байткастинговые,Zeiman,https://potryasovgame.ru/page113477646.html,4000,false,"9,5",8,"5,3:1",,"30,67",,"0,56",,"8,6",,18,899,"8,13",,,bcr_5119,/uploads/reels/bcr_5119.png
Zodiac 500-R2,Байткастинговые,Syberia,https://potryasovgame.ru/page113477646.html,5000,false,"15,5","2,4","5,1:1","6,2:1","29,25","31,45","0,57","0,78",8,"9,2",18,799,"7,27",,,bcr_5198,/uploads/reels/bcr_5198.png
Spider 400-R2,Байткастинговые,Syberia,https://potryasovgame.ru/page113477646.html,4000,false,13,10,"5,1:1","5,2:1","17,51",,"0,57",,"7,5",9,14,499,"4,63",,,bcr_5197,/uploads/reels/bcr_5197.png
Magellan 400,Байткастинговые,Syberia,https://potryasovgame.ru/page113477646.html,4000,false,14,11,"5,2:1","5,1:1","13,84",,"0,59",,"6,3",7,10,399,"3,73",,,bcr_5034,/uploads/reels/bcr_5034.png
Winner Round II,Байткастинговые,EF,https://potryasovgame.ru/page113477646.html,5000,false,17,13,"5,1:1",,"10,2",,"0,57",,"5,5","6,9",5,249,"2,36",,,bcr_5196,/uploads/reels/bcr_5196.png
Furia 30000,Безинерционные,Beluga,https://potryasovgame.ru/page110667406.html,30000,true,40,,"4,6:1",,"1,72",,"38,6",,"132,79",,32,66989,"236,5",,,spin_5691,/uploads/reels/spin_5691.png
Turion SW 30000,Безинерционные,Reef,https://potryasovgame.ru/page110667406.html,30000,true,40,,"4,4:1",,"1,56",,"36,3",,"127,94",,32,56799,"216,28",,,spin_5274,/uploads/reels/spin_5274.png
Venga II 30000,Безинерционные,Beluga,https://potryasovgame.ru/page110667406.html,30000,true,40,,"5,1:1",,"1,83",,"34,9",,"144,12",,32,48500,"198,12",,,spin_6046,/uploads/reels/spin_6046.png
Venga II 30000 Super 9,Безинерционные,Beluga,https://potryasovgame.ru/page110667406.html,30000,true,40,,"5,1:1",,"1,83",,"36,7",,"144,12",,32,,"198,12",,,spin_7002,/uploads/reels/spin_7002.png
Venga II 30000 First Edition,Безинерционные,Beluga,https://potryasovgame.ru/page110667406.html,30000,true,40,,"4,8:1",,"1,72",,"34,9",,"158,06",,32,,"198,9",,,spin_6047,/uploads/reels/spin_6047.png
Goliaf 30000,Безинерционные,SAT,https://potryasovgame.ru/page110667406.html,30000,true,40,,"5,8:1",,"1,98",,"33,6",,"120,56",,32,39799,"177,02",,,spin_5326,/uploads/reels/spin_5326.png
Furia 20000,Безинерционные,Beluga,https://potryasovgame.ru/page110667406.html,20000,true,30,,"4,9:1",,"1,51",,"36,7",,"128,53",,32,51499,"204,88",,,spin_5690,/uploads/reels/spin_5690.png
Turion SW 20000,Безинерционные,Reef,https://potryasovgame.ru/page110667406.html,20000,true,30,,"4,4:1",,"1,3",,"35,4",,"120,19",,32,49799,"201,08",,,spin_5273,/uploads/reels/spin_5273.png
Goliaf 20000,Безинерционные,SAT,https://potryasovgame.ru/page110667406.html,20000,true,30,,"5,8:1",,"1,64",,"31,8",,"105,28",,32,33199,"159,34",,,spin_5325,/uploads/reels/spin_5325.png
Turion SW 10000,Безинерционные,Reef,https://potryasovgame.ru/page110667406.html,10000,true,18,,"4,9:1",,"1,19",,"34,5",,"114,29",,32,45800,"191,82",,,spin_5272,/uploads/reels/spin_5272.png
Furia 10000,Безинерционные,Beluga,https://potryasovgame.ru/page110667406.html,10000,true,18,,"4,6:1",,"1,11",,"34,9",,"118,27",,32,41000,"180,07",,,spin_5689,/uploads/reels/spin_5689.png
Furia 10000 SHS,Безинерционные,Beluga,https://potryasovgame.ru/page110667406.html,10000,true,18,,"6,2:1",,"1,64",,34,,"104,74",,32,37499,"171,03",,,spin_5688,/uploads/reels/spin_5688.png
Venga II 10000,Безинерционные,Beluga,https://potryasovgame.ru/page110667406.html,10000,true,18,,"5,0:1",,"1,22",,"32,7",,"108,31",,30,34500,"162,95",,,spin_6045,/uploads/reels/spin_6045.png
Venga II 10000 Super 9,Безинерционные,Beluga,https://potryasovgame.ru/page110667406.html,10000,true,18,,"5,0:1",,"1,22",,34,,"108,31",,30,,"162,95",,,spin_7001,/uploads/reels/spin_7001.png
Venga Classic 10000,Безинерционные,Beluga,https://potryasovgame.ru/page110667406.html,10000,true,18,,"5,1:1",,"1,23",,"31,7",,98,,30,32722,158,,,spin_6041,/uploads/reels/spin_6041.png
Venga II 10000 Final,Безинерционные,Beluga,https://potryasovgame.ru/page110667406.html,10000,true,18,,"5,1:1",,"1,23",,"31,7",,98,,30,,158,,,spin_6042,/uploads/reels/spin_6042.png
Venga 10000 6 An.,Безинерционные,Beluga,https://potryasovgame.ru/page110667406.html,10000,true,18,,"4,9:1",,"1,15",,"31,7",,"111,1",,30,,,,,spin_5928,/uploads/reels/spin_5928.png
Goliaf 10000,Безинерционные,SAT,https://potryasovgame.ru/page110667406.html,10000,true,18,,"4,9:1",,"1,18",,"30,8",,"112,61",,30,31500,"154,52",,,spin_5324,/uploads/reels/spin_5324.png
Admiral II 10000S,Безинерционные,Trident,https://potryasovgame.ru/page110667406.html,10000,true,18,,"4,1:1",,"1,06",,29,,"76,42",,29,25196,"125,97",,,spin_6118,/uploads/reels/spin_6118.png
Admiral II 10000S Superior,Безинерционные,Trident,https://potryasovgame.ru/page110667406.html,10000,true,18,,"4,6:1",,"1,17",,30,,"79,87",,29,,"125,97",,,spin_6038,/uploads/reels/spin_6038.png
Olaf Stark SP-SWG 100,Безинерционные,Zeiman,https://potryasovgame.ru/page110667406.html,10000,true,18,,"4,9:1",,"1,18",,"28,2",,"71,78",,27,,"122,15",,,spin_5699,/uploads/reels/spin_5699.png
Azimut 10000,Безинерционные,SAT,https://potryasovgame.ru/page110667406.html,10000,true,18,,"5,4:1",,"1,26",,"27,2",,55,,26,21600,"115,61",,,spin_5319,/uploads/reels/spin_5319.png
Tagara II 10000,Безинерционные,Beluga,https://potryasovgame.ru/page110667406.html,10000,true,18,,"4,3:1",,"1,25",,"26,3",,"62,45",,26,21872,"116,42",,,spin_5679,/uploads/reels/spin_5679.png
Tagara II 10000 8-An.,Безинерционные,Beluga,https://potryasovgame.ru/page110667406.html,10000,true,18,,"4,2:1",,"1,22",,"27,2",,"65,53",,26,,,,,spin_5719,/uploads/reels/spin_5719.png
Tagara 10000,Безинерционные,Beluga,https://potryasovgame.ru/page110667406.html,10000,true,18,,"4,2:1",,"1,02",,"26,3",,62,,26,,,,,spin_5152,/uploads/reels/spin_5152.png
Turion SW 8000,Безинерционные,Reef,https://potryasovgame.ru/page110667406.html,8000,true,12,,"5,6:1",,"1,05",,"30,8",,"110,68",,30,32500,"157,37",,,spin_5271,/uploads/reels/spin_5271.png
Venga II 8000 SHS,Безинерционные,Beluga,https://potryasovgame.ru/page110667406.html,8000,true,12,,"6,1:1",,"1,17",,30,"31,7","80,25",,28,26900,"134,49",,,spin_6044,/uploads/reels/spin_6044.png
Venga 8000,Безинерционные,Beluga,https://potryasovgame.ru/page110667406.html,8000,true,12,,"6,0:1",,"1,14",,"27,2",,"83,98",,30,,,,,spin_5139,/uploads/reels/spin_5139.png
Megara 8000,Безинерционные,Beluga,https://potryasovgame.ru/page110667406.html,8000,false,12,,"4,7:1",,"1,13",,"25,4",,"71,76",,28,22472,118,,,c_spin_5382,/uploads/reels/c_spin_5382.png
Overlord 88,Безинерционные,Zeiman,https://potryasovgame.ru/page110667406.html,8000,false,12,,"4,5:1",,"1,05",,"24,5",,"81,46",,27,17889,119,,,spin_5817,/uploads/reels/spin_5817.png
Bestia II 8000 SHS,Безинерционные,Beluga,https://potryasovgame.ru/page110667406.html,8000,true,12,,"6,4:1",,"1,34",,"24,5",,"66,7",,26,16604,"98,38",,,spin_5687,/uploads/reels/spin_5687.png
Bestia 8000,Безинерционные,Beluga,https://potryasovgame.ru/page110667406.html,8000,true,12,,"5,2:1",,"1,04",,"24,5",,"68,01",,28,,,,,spin_5137,/uploads/reels/spin_5137.png
Azimut 8000,Безинерционные,SAT,https://potryasovgame.ru/page110667406.html,8000,true,12,,"5,4:1",,"1,05",,"23,6",,"49,63",,26,15900,"95,59",,,spin_5318,/uploads/reels/spin_5318.png
Admiral II 8000S,Безинерционные,Trident,https://potryasovgame.ru/page110667406.html,8000,true,12,,"4,8:1",,"1,01",,"23,6",,"66,95",,26,15099,"92,31",,,spin_6112,/uploads/reels/spin_6112.png
Admiral 8000s,Безинерционные,Trident,https://potryasovgame.ru/page110667406.html,8000,true,12,,"4,8:1",,"0,94",,"23,5",,"58,48",,28,,,,,spin_5222,/uploads/reels/spin_5222.png
Tagara II 8000,Безинерционные,Beluga,https://potryasovgame.ru/page110667406.html,8000,true,12,,"4,5:1",,"1,05",,"22,6","23,7","57,06",,26,14655,"89,9",,,spin_5678,/uploads/reels/spin_5678.png
Tagara 8000,Безинерционные,Beluga,https://potryasovgame.ru/page110667406.html,8000,true,12,,"4,7:1",,"0,89",,"22,6","23,7","53,87",,26,14655,90,,,spin_5151,/uploads/reels/spin_5151.png
Silver 80,Безинерционные,Tama,https://potryasovgame.ru/page110667406.html,8000,false,12,,"4,3:1",,"0,96",,"23,6",,"67,04",,26,13999,"87,61",,,spin_5451,/uploads/reels/spin_5451.png
Everest III 8000S,Безинерционные,Trident,https://potryasovgame.ru/page110667406.html,8000,true,12,,"4,4:1","5,4:1","0,91","1,11",22,,"48,66",,25,11299,75,,,spin_6090,/uploads/reels/spin_6090.png
Everest II 8000s,Безинерционные,Trident,https://potryasovgame.ru/page110667406.html,8000,false,12,,"3,6:1",,"0,58",,22,,"44,62",,26,,,,,spin_5118,/uploads/reels/spin_5118.png
Everest-24 8000s,Безинерционные,Trident,https://potryasovgame.ru/page110667406.html,8000,true,12,,"4,7:1",,"0,67",,"22,7",,52,,26,11320,"75,11",,,spin_6006,/uploads/reels/spin_6006.png
SG8000 Ultra Power,Безинерционные,Zeiman,https://potryasovgame.ru/page110667406.html,8000,true,12,,"5,7:1",,"1,26",,"19,5","20,2","51,14",,25,9988,"68,31",,,spin_5700,/uploads/reels/spin_5700.png
Evia 8000,Безинерционные,Beluga,https://potryasovgame.ru/page110667406.html,8000,false,12,,"4,7:1",,"1,13",,"18,1","19,6","41,7",,24,8475,60,,,c_spin_5383,/uploads/reels/c_spin_5383.png
Hunter 80S,Безинерционные,Zeiman,https://potryasovgame.ru/page110667406.html,8000,true,12,,"4,7:1",,"1,04",,"18,5",,"49,13",,22,7500,"54,45",,,spin_7016,/uploads/reels/spin_7016.png
Hunter 80S 9-Years,Безинерционные,Zeiman,https://potryasovgame.ru/page110667406.html,8000,true,12,,"4,7:1",,"1,04",,"18,5",,"49,13",,20,,"54,45",,,spin_7005,/uploads/reels/spin_7005.png
Natora 8000,Безинерционные,Beluga,https://potryasovgame.ru/page110667406.html,8000,false,12,,"5,3:1",,"1,05",,"18,1","19,6","43,76",,22,7085,52,,,spin_5127,/uploads/reels/spin_5127.png
Natora 8000 Super Seven,Безинерционные,Beluga,https://potryasovgame.ru/page110667406.html,8000,false,12,,"4,8:1",,"0,94",,"18,1","19,6","47,39",,0,,,,,spin_6020,/uploads/reels/spin_6020.png
Velara 8000,Безинерционные,Beluga,https://potryasovgame.ru/page110667406.html,8000,false,12,,"5,4:1",,"0,97",,"17,5",,"41,78",,21,5499,"42,09",,,spin_6027,/uploads/reels/spin_6027.png
Velara 8000 Mystique,Безинерционные,Beluga,https://potryasovgame.ru/page110667406.html,8000,false,12,,"5,4:1",,"0,97",,"17,5",,"41,78",,21,,"42,09",,,spin_6029,/uploads/reels/spin_6029.png
Caliber 80 SLC,Безинерционные,Syberia,https://potryasovgame.ru/page110667406.html,8000,false,12,,"4,2:1",,"1,03",,"17,2",19,"37,74",,24,5312,40,,,c_spin_5387,/uploads/reels/c_spin_5387.png
Model 827,Безинерционные,Trident,https://potryasovgame.ru/page110667406.html,8000,true,12,,"4,0:1",,"0,81",,"16,5",,"44,36",,21,4499,"35,44",,,spin_5078,/uploads/reels/spin_5078.png
Narga 8000 Super 7,Безинерционные,Beluga,https://potryasovgame.ru/page110667406.html,8000,false,12,,"4,6:1",,"0,87",,"15,4",,47,,20,,,,,spin_6005,/uploads/reels/spin_6005.png
Narga 8000,Безинерционные,Beluga,https://potryasovgame.ru/page110667406.html,8000,false,12,,"4,3:1",,"0,82",,"14,5",,"42,38",,20,3491,25,,,spin_5121,/uploads/reels/spin_5121.png
Caliber HSV 80 SLC,Безинерционные,Syberia,https://potryasovgame.ru/page110667406.html,8000,false,12,,"4,7:1",,"1,15",,"15,4",17,"30,24",,20,2885,24,,,c_spin_5386,/uploads/reels/c_spin_5386.png
Caliber HSV 80 SLC Raven,Безинерционные,Syberia,https://potryasovgame.ru/page110667406.html,8000,false,12,,"4,5:1",,"1,1",,"15,9",17,32,,20,,"23,94",,,spin_5703,/uploads/reels/spin_5703.png
Alfa 8000,Безинерционные,Sputnik,https://potryasovgame.ru/page110667406.html,8000,false,12,,"5,2:1",,"0,91",,"14,5",,"37,73",,20,2390,20,,,spin_5195,/uploads/reels/spin_5195.png
Gold 80s,Безинерционные,Syberia,https://potryasovgame.ru/page110667406.html,8000,false,12,,"5,7:1",,"0,88",,14,,"34,58",,20,2186,19,,,spin_5045,/uploads/reels/spin_5045.png
Titan 8000,Безинерционные,Sputnik,https://potryasovgame.ru/page110667406.html,8000,false,12,,"4,3:1",,"1,03",,"12,7",,"27,66",,18,1796,16,,,c_spin_5385,/uploads/reels/c_spin_5385.png
Venga II 6000,Безинерционные,Beluga,https://potryasovgame.ru/page110667406.html,6000,true,8,,"5,7:1",,"0,89",,"22,7","23,7","71,2",,28,18900,"106,83",,,spin_6043,/uploads/reels/spin_6043.png
Venga Classic 6000,Безинерционные,Beluga,https://potryasovgame.ru/page110667406.html,6000,true,8,,"5,5:1",,"0,84",,"22,6","23,7","69,66",,28,18791,"106,45",,,spin_6040,/uploads/reels/spin_6040.png
Admiral II 6000S,Безинерционные,Trident,https://potryasovgame.ru/page110667406.html,6000,true,8,,"5,2:1",,"0,8",,"21,1",22,"57,45",,26,12099,"78,9",,,spin_6111,/uploads/reels/spin_6111.png
Admiral II 6000S Superior,Безинерционные,Trident,https://potryasovgame.ru/page110667406.html,6000,true,8,,"5,3:1",,"0,84",,22,,"59,23",,24,,"78,9",,,spin_6037,/uploads/reels/spin_6037.png
Admiral 6000s,Безинерционные,Trident,https://potryasovgame.ru/page110667406.html,6000,true,8,,"5,0:1",,"0,77",,"20,8",,"47,86",,28,,,,,spin_5221,/uploads/reels/spin_5221.png
Chronica II 6000,Безинерционные,Beluga,https://potryasovgame.ru/page110667406.html,6000,true,8,,"4,2:1","6,4:1","0,68",,"20,4",,"72,63",,25,10900,"73,01",,,spin_5680,/uploads/reels/spin_5680.png
Bestia II 6000 SHS,Безинерционные,Beluga,https://potryasovgame.ru/page110667406.html,6000,true,8,,"6,8:1",,"1,1",,"19,9","21,7","54,6",,26,9489,"65,65",,,spin_5686,/uploads/reels/spin_5686.png
Major ltd 2 6000s,Безинерционные,Trident,https://potryasovgame.ru/page110667406.html,6000,true,8,,"4,3:1",,"0,64",,19,"20,8","43,52",,26,9199,64,,,spin_5216,/uploads/reels/spin_5216.png
Bestia 6000,Безинерционные,Beluga,https://potryasovgame.ru/page110667406.html,6000,true,8,,"5,6:1",,"0,88",,19,"19,6","55,5",,28,9117,64,,,spin_5136,/uploads/reels/spin_5136.png
Olaf SP 60,Безинерционные,Zeiman,https://potryasovgame.ru/page110667406.html,6000,true,8,,"5,1:1",,"0,83",,"18,6",,"51,5",,26,7900,"56,79",,,spin_5698,/uploads/reels/spin_5698.png
P-Series 2 GS 60S,Безинерционные,Zeiman,https://potryasovgame.ru/page110667406.html,6000,true,8,,"3,8:1",,"0,54",,"18,4","20,2","47,44",,28,,,,,spin_5401,/uploads/reels/spin_5401.png
Azimut 6000,Безинерционные,SAT,https://potryasovgame.ru/page110667406.html,6000,true,8,,"5,4:1",,"0,83",,19,,"43,68",,24,6900,"50,87",,,spin_5819,/uploads/reels/spin_5819.png
Tagara II 6000,Безинерционные,Beluga,https://potryasovgame.ru/page110667406.html,6000,true,8,,"5,4:1","4,6:1","1,01","0,86","18,1","20,4","45,89","42,67",24,6300,"46,9",,,spin_5677,/uploads/reels/spin_5677.png
Tagara 6000 Super 8,Безинерционные,Beluga,https://potryasovgame.ru/page110667406.html,6000,true,8,,"5,1:1",,"0,78",,"18,1","20,4","44,99",,0,,,,,spin_5150_S8,/uploads/reels/spin_5150_S8.png
Overlord 656,Безинерционные,Zeiman,https://potryasovgame.ru/page110667406.html,6000,false,8,,"4,3:1",,"0,75",,"18,7",,"58,7",,24,6100,"45,93",,,spin_6048,/uploads/reels/spin_6048.png
Tagara 6000,Безинерционные,Beluga,https://potryasovgame.ru/page110667406.html,6000,true,8,,"5,6:1",,"0,86",,"18,1","19,6","45,1",,26,6010,45,,,spin_5150,/uploads/reels/spin_5150.png
Z-Series 2 60S,Безинерционные,Zeiman,https://potryasovgame.ru/page110667406.html,6000,true,8,,"4,3:1",,"0,61",,"17,7","19,4","45,1",,26,5697,43,,,spin_5344,/uploads/reels/spin_5344.png
Full Metal 60,Безинерционные,Trident,https://potryasovgame.ru/page110667406.html,6000,true,8,,"4,5:1","4,0:1","0,69","0,61","18,2",,"49,15","60,02",24,5499,"42,09",,,spin_5453,/uploads/reels/spin_5453.png
Evia 6000,Безинерционные,Beluga,https://potryasovgame.ru/page110667406.html,6000,false,8,,"4,9:1",,"0,94",,"17,2",,"38,3",,22,5199,"40,13",,,spin_6019,/uploads/reels/spin_6019.png
Everest III 6000S,Безинерционные,Trident,https://potryasovgame.ru/page110667406.html,6000,true,8,,"4,7:1","5,8:1","0,77","0,95",17,,"39,27",,21,4999,"38,81",,,spin_6089,/uploads/reels/spin_6089.png
Hunter 60S,Безинерционные,Zeiman,https://potryasovgame.ru/page110667406.html,6000,true,8,,"4,8:1",,"0,79",,16,,"43,55",,20,4499,"35,44",,,spin_7015,/uploads/reels/spin_7015.png
Hunter 60S 9-Years,Безинерционные,Zeiman,https://potryasovgame.ru/page110667406.html,6000,true,8,,"4,8:1",,"0,79",,16,,"43,55",,20,,"35,44",,,spin_7004,/uploads/reels/spin_7004.png
Horizon III 6000S,Безинерционные,Trident,https://potryasovgame.ru/page110667406.html,6000,false,8,,"4,6:1","4,5:1","0,74","0,72","15,6",,"38,22",,20,3999,"31,99",,,spin_6087,/uploads/reels/spin_6087.png
Everest II 6000s,Безинерционные,Trident,https://potryasovgame.ru/page110667406.html,6000,false,8,,"4,3:1",,"0,59",,"16,3","17,9","35,16",,22,,,,,spin_5117,/uploads/reels/spin_5117.png
Commandor GS 60S,Безинерционные,Zeiman,https://potryasovgame.ru/page110667406.html,6000,true,8,,"4,8:1",,"0,65",,"14,5",,"36,31",,24,3199,26,,,spin_5100,/uploads/reels/spin_5100.png
Natora 6000,Безинерционные,Beluga,https://potryasovgame.ru/page110667406.html,6000,false,8,,"5,6:1",,"0,88",,15,"16,5","37,43",,22,3116,26,,,spin_5126,/uploads/reels/spin_5126.png
Natora 6000 Supercarp,Безинерционные,Beluga,https://potryasovgame.ru/page110667406.html,6000,false,8,,"5,6:1",,"0,88",,15,"16,5","36,96",,20,,"25,9",,,spin_6039,/uploads/reels/spin_6039.png
Velara 6000,Безинерционные,Beluga,https://potryasovgame.ru/page110667406.html,6000,false,8,,"5,1:1","5,4:1","0,83","1,11","14,5",,"38,98",,19,2550,"21,42",,,spin_6026,/uploads/reels/spin_6026.png
Velara 6000 Mystique,Безинерционные,Beluga,https://potryasovgame.ru/page110667406.html,6000,false,8,,"5,1:1","5,4:1","0,83","1,11","14,5",,"38,98",,18,,"21,42",,,spin_6028,/uploads/reels/spin_6028.png
Narga 6000,Безинерционные,Beluga,https://potryasovgame.ru/page110667406.html,6000,false,8,,"4,6:1",,"0,71",,"13,6",,"35,86",,20,1985,17,,,spin_5120,/uploads/reels/spin_5120.png
Commandor 2 60S,Безинерционные,Zeiman,https://potryasovgame.ru/page110667406.html,6000,false,8,,"4,8:1",,"0,68",,"13,4",,"30,12",,20,1950,17,,,spin_5362,/uploads/reels/spin_5362.png
Alfa 6000,Безинерционные,Sputnik,https://potryasovgame.ru/page110667406.html,6000,false,8,,"5,4:1",,"0,81",,"13,5",,"31,56",,20,1888,16,,,spin_5194,/uploads/reels/spin_5194.png
Gold 60s,Безинерционные,Syberia,https://potryasovgame.ru/page110667406.html,6000,false,8,,"5,7:1",,"0,78",,14,,"28,35",,20,1847,16,,,spin_5044,/uploads/reels/spin_5044.png
Pulsar 6000,Безинерционные,Sputnik,https://potryasovgame.ru/page110667406.html,6000,false,8,,"5,4:1",,"0,78",,"9,5","10,4","24,16",,16,1250,11,,,spin_5398,/uploads/reels/spin_5398.png
Sabre 60s,Безинерционные,Syberia,https://potryasovgame.ru/page110667406.html,6000,false,8,,"4,8:1",,"0,67",,"9,9",,"21,68",,16,1160,10,,,spin_5066,/uploads/reels/spin_5066.png
Super Cast 6000s,Безинерционные,EF,https://potryasovgame.ru/page110667406.html,6000,false,8,,"4,8:1",,"0,87",,"8,2",9,"15,79",,15,698,6,,,c_spin_5384,/uploads/reels/c_spin_5384.png
Proton 6000,Безинерционные,Sputnik,https://potryasovgame.ru/page110667406.html,6000,false,8,,"4,8:1",,"0,68",,"8,1","8,9","17,26",,12,630,6,,,spin_5187,/uploads/reels/spin_5187.png
Pride 6000S,Безинерционные,EF,https://potryasovgame.ru/page110667406.html,6000,false,8,,"5,0:1",,"0,75",,"7,5",9,"17,26",,14,533,5,,,spin_5030,/uploads/reels/spin_5030.png
Adriatica 5000S,Безинерционные,EF,https://potryasovgame.ru/page110667406.html,6000,false,8,,"5,4:1",,"0,78",,"7,5",9,14,,12,450,4,,,spin_5027,/uploads/reels/spin_5027.png
Chronica 6000,Безинерционные,Beluga,https://potryasovgame.ru/page110667406.html,6000,true,8,,"3,8:1",,"0,6",,19,20,"72,1",,27,,49,,,spin_5369,/uploads/reels/spin_5369.png
Bestia 4000,Безинерционные,Beluga,https://potryasovgame.ru/page110667406.html,4000,false,4,,"6,2:1",,"0,74",,"18,1","19,6","45,9",,28,8100,58,,,spin_5135,/uploads/reels/spin_5135.png
Admiral II 4000S,Безинерционные,Trident,https://potryasovgame.ru/page110667406.html,4000,true,4,,"6,1:1",,"0,72",,"17,7","15,9","43,16",,24,5650,"43,06",,,spin_6110,/uploads/reels/spin_6110.png
Admiral 4000s,Безинерционные,Trident,https://potryasovgame.ru/page110667406.html,4000,false,4,,"6,2:1",,"0,74",,"17,2",,"42,86",,28,,,,,spin_5220,/uploads/reels/spin_5220.png
Tagara 4000,Безинерционные,Beluga,https://potryasovgame.ru/page110667406.html,4000,true,4,,"6,2:1",,"0,72",,"16,3",,"39,95",,26,5076,39,,,spin_5149,/uploads/reels/spin_5149.png
P-Series 2 GS 40S,Безинерционные,Zeiman,https://potryasovgame.ru/page110667406.html,4000,false,4,,"5,1:1",,"0,63",,"16,3","18,7","29,95",,28,,,,,spin_5402,/uploads/reels/spin_5402.png
Azimut 4000,Безинерционные,SAT,https://potryasovgame.ru/page110667406.html,4000,true,4,,"5,8:1",,"0,71",,"15,4",,"37,56",,22,4699,"36,8",,,spin_5818,/uploads/reels/spin_5818.png
Z-Series 2 40S,Безинерционные,Zeiman,https://potryasovgame.ru/page110667406.html,4000,false,4,,"5,1:1",,"0,62",,"15,7",,"28,18",,26,3998,32,,,spin_5345,/uploads/reels/spin_5345.png
Major ltd 2 4000s,Безинерционные,Trident,https://potryasovgame.ru/page110667406.html,4000,false,4,,"6,2:1",,"0,74",,"15,4","17,9","34,03",,26,,,,,spin_5215,/uploads/reels/spin_5215.png
Major 2 4000s,Безинерционные,Trident,https://potryasovgame.ru/page110667406.html,4000,false,4,,"5,4:1",,"0,59",,14,15,"31,6",,24,,,,,spin_5213,/uploads/reels/spin_5213.png
Everest III 4000S,Безинерционные,Trident,https://potryasovgame.ru/page110667406.html,4000,true,4,,"5,1:1","6,2:1","0,64","0,78","14,5",,"30,55",,20,3299,"26,99",,,spin_6088,/uploads/reels/spin_6088.png
Hunter 40S,Безинерционные,Zeiman,https://potryasovgame.ru/page110667406.html,4000,true,4,,"6,8:1",,"0,83",,"14,2",,"32,45",,20,2999,"24,79",,,spin_7014,/uploads/reels/spin_7014.png
Everest II 4000s,Безинерционные,Trident,https://potryasovgame.ru/page110667406.html,4000,false,4,,"4,3:1",,"0,51",,13,15,"30,16",,22,,,,,spin_5116,/uploads/reels/spin_5116.png
Commandor GS 40S,Безинерционные,Zeiman,https://potryasovgame.ru/page110667406.html,4000,true,4,,"4,0:1",,"0,47",,"12,7","13,9","23,71",,22,2611,22,,,spin_5099,/uploads/reels/spin_5099.png
Natora 4000,Безинерционные,Beluga,https://potryasovgame.ru/page110667406.html,4000,false,4,,"6,2:1",,"0,74",,"12,7",14,"35,49",,22,2499,21,,,spin_5125,/uploads/reels/spin_5125.png
Conquest II 4000s,Безинерционные,Trident,https://potryasovgame.ru/page110667406.html,4000,false,4,,"5,2:1",,"0,62",,"12,7",15,"29,9",,20,,,,,spin_5317,/uploads/reels/spin_5317.png
Commandor 2 40S,Безинерционные,Zeiman,https://potryasovgame.ru/page110667406.html,4000,false,4,,"5,8:1",,"0,7",,12,"13,9","21,02",,20,1699,15,,,spin_5363,/uploads/reels/spin_5363.png
Narga 4000,Безинерционные,Beluga,https://potryasovgame.ru/page110667406.html,4000,false,4,,"5,2:1",,"0,62",,"11,7","13,9","27,33",,20,1621,14,,,spin_5119,/uploads/reels/spin_5119.png
Bird 2 GSX 40S,Безинерционные,Zeiman,https://potryasovgame.ru/page110667406.html,4000,false,4,,"5,1:1",,"0,59",,"9,5",,"17,94",,17,1374,12,,,spin_5225,/uploads/reels/spin_5225.png
Alfa 4000,Безинерционные,Sputnik,https://potryasovgame.ru/page110667406.html,4000,false,4,,"5,8:1",,"0,68",,9,,"16,96",,18,1201,11,,,spin_5193,/uploads/reels/spin_5193.png
Model De Luxe 430S,Безинерционные,Marshall,https://potryasovgame.ru/page110667406.html,4000,false,4,,"3,8:1",,"0,44",,9,,"24,24",,16,790,"6,9",,,spin_5390,/uploads/reels/spin_5390.png
Sabre 40s,Безинерционные,Syberia,https://potryasovgame.ru/page110667406.html,4000,false,4,,"5,0:1",,"0,63",,9,,"13,02",,16,787,7,,,spin_5041,/uploads/reels/spin_5041.png
Horizon 2 4000s,Безинерционные,Trident,https://potryasovgame.ru/page110667406.html,4000,false,4,,"5,0:1",,-,,"8,2",9,"17,91",,15,,,,,spin_5069_2,/uploads/reels/spin_5069_2.png
Pulsar 4000,Безинерционные,Sputnik,https://potryasovgame.ru/page110667406.html,4000,false,4,,"5,8:1",,"0,68",,"8,6","10,4","15,21",,15,745,7,,,spin_5399,/uploads/reels/spin_5399.png
Proton 4000,Безинерционные,Sputnik,https://potryasovgame.ru/page110667406.html,4000,false,4,,"5,1:1",,-,,"7,8","8,9","13,81",,12,529,5,,,spin_5186,/uploads/reels/spin_5186.png
Pride 4000S,Безинерционные,EF,https://potryasovgame.ru/page110667406.html,4000,false,4,,"5,2:1",,-,,"7,5",9,"9,43",,14,480,4,,,spin_5029,/uploads/reels/spin_5029.png
Hercules G2 40s,Безинерционные,Syberia,https://potryasovgame.ru/page110667406.html,4000,false,4,,"5,0:1",,"0,64",,"6,8","7,8","10,15",,13,460,4,,,spin_5360,/uploads/reels/spin_5360.png
Element PRO 4000,Безинерционные,Sputnik,https://potryasovgame.ru/page110667406.html,4000,false,4,,"5,2:1",,"0,62",,"6,4",,"11,05",,8,380,4,,,spin_5184,/uploads/reels/spin_5184.png
Dragon 40s,Безинерционные,Syberia,https://potryasovgame.ru/page110667406.html,4000,false,4,,"5,0:1",,"0,61",,"5,8","7,8","9,02",,8,363,3,,,spin_5063,/uploads/reels/spin_5063.png
Element 4000,Безинерционные,Sputnik,https://potryasovgame.ru/page110667406.html,4000,false,4,,"5,2:1",,-,,"5,4",,"9,53",,6,249,2,,,spin_5180,/uploads/reels/spin_5180.png
Lagoon-HP 2 4000S,Безинерционные,EF,https://potryasovgame.ru/page110667406.html,4000,false,4,,"5,2:1",,-,,"5,4","6,5","8,04",,9,229,2,,,spin_5825,/uploads/reels/spin_5825.png
Lacerti-S 2 4000S,Безинерционные,EF,https://potryasovgame.ru/page110667406.html,4000,false,4,,"6,1:1",,"0,73",,"4,2","6,5","4,95",,5,138,1,,,spin_5357,/uploads/reels/spin_5357.png
Lacerti 2 4000S,Безинерционные,EF,https://potryasovgame.ru/page110667406.html,4000,false,4,,"6,1:1",,-,,"3,8","6,5","4,95",,3,99,1,,,spin_5358,/uploads/reels/spin_5358.png
Lacerti-SX NG 4000,Безинерционные,EF,https://potryasovgame.ru/page110667406.html,4000,false,4,,"5,7:1",,-,,"4,2","6,5","6,07",,5,118,"1,13",,,spin_6102,/uploads/reels/spin_6102.png
Lacerti NG 4000,Безинерционные,EF,https://potryasovgame.ru/page110667406.html,4000,false,4,,"6,1:1",,-,,"3,8","6,5","5,39",,3,"58,5","0,57",,,spin_6101,/uploads/reels/spin_6101.png
Aviator SP 3000 XHS,Безинерционные,Reef,https://potryasovgame.ru/page110667406.html,3000,true,3,,"7,1:1",,"0,75",,"18,2",,"46,92",,26,11900,"77,94",,,spin_6093,/uploads/reels/spin_6093.png
Bestia II 3000 SHS,Безинерционные,Beluga,https://potryasovgame.ru/page110667406.html,3000,true,3,,"7,0:1","6,8:1","0,79",,"17,2",,"43,84",,25,7999,"57,36",,,spin_5685,/uploads/reels/spin_5685.png
Olaf SP 30,Безинерционные,Zeiman,https://potryasovgame.ru/page110667406.html,3000,false,3,,"6,2:1",,"0,71",,"17,6",,"40,92",,24,7399,"53,86",,,spin_5697,/uploads/reels/spin_5697.png
Tagara II 3000 SHS,Безинерционные,Beluga,https://potryasovgame.ru/page110667406.html,3000,true,3,,"6,8:1","5,1:1","0,76",,"16,3",,"39,76",,22,4999,"38,81",,,spin_5676,/uploads/reels/spin_5676.png
Bestia 3000,Безинерционные,Beluga,https://potryasovgame.ru/page110667406.html,3000,false,3,,"6,2:1",,"0,66",,"17,2",,"42,44",,28,7553,55,,,spin_5134,/uploads/reels/spin_5134.png
P-Series 2 GS 30S,Безинерционные,Zeiman,https://potryasovgame.ru/page110667406.html,3000,false,3,,"5,8:1",,"0,68",,"16,3","18,7","25,32",,28,,,,,spin_5403,/uploads/reels/spin_5403.png
Mayor III 3000S + 9 Years,Безинерционные,Trident,https://potryasovgame.ru/page110667406.html,3000,true,3,,"6,1:1","6,5:1","0,69","0,74","15,9","17,7",35,"41,78",24,4196,"33,36",,,spin_6115_g,/uploads/reels/spin_6115_g.png
Z-Series 2 30S,Безинерционные,Zeiman,https://potryasovgame.ru/page110667406.html,3000,false,3,,"5,8:1",,-,,"15,7",,"22,97",,26,3898,31,,,spin_5346,/uploads/reels/spin_5346.png
Mayor ltd 2 3000s,Безинерционные,Trident,https://potryasovgame.ru/page110667406.html,3000,false,3,,"5,2:1",,-,,"13,6",15,"31,38",,26,,,,,spin_5214,/uploads/reels/spin_5214.png
Natora 3000,Безинерционные,Beluga,https://potryasovgame.ru/page110667406.html,3000,false,3,,"6,2:1",,"0,66",,"11,3",,"28,58",,22,2349,20,,,spin_5124,/uploads/reels/spin_5124.png
Velara 3000,Безинерционные,Beluga,https://potryasovgame.ru/page110667406.html,3000,false,3,,"5,9:1",,"0,65",,"12,7",14,"30,55",,18,1950,"16,77",,,spin_6025,/uploads/reels/spin_6025.png
Corsair 30S,Безинерционные,Zeiman,https://potryasovgame.ru/page110667406.html,3000,false,3,,"6,2:1",,"0,67",,"10,8","11,9","22,26",,22,1920,17,,,spin_5352,/uploads/reels/spin_5352.png
Horizon III 3000S,Безинерционные,Trident,https://potryasovgame.ru/page110667406.html,3000,false,3,,"5,7:1","6,6:1","0,68","0,79",12,,"24,9","28,92",17,1700,"14,78",,,spin_6086,/uploads/reels/spin_6086.png
Horizon III 3000S 9-Anniversary,Безинерционные,Trident,https://potryasovgame.ru/page110667406.html,3000,false,3,,"5,9:1","6,6:1","0,7","0,78",12,,"28,92","24,9",15,,"14,78",,,spin_7006,/uploads/reels/spin_7006.png
Commandor 2 30S,Безинерционные,Zeiman,https://potryasovgame.ru/page110667406.html,3000,false,3,,"5,8:1",,"0,62",,"10,8","11,9","18,6",,20,1499,13,,,spin_5364,/uploads/reels/spin_5364.png
Bird 2 GSX 30S,Безинерционные,Zeiman,https://potryasovgame.ru/page110667406.html,3000,false,3,,"5,1:1",,-,,"8,6",,"16,57",,17,1099,10,,,spin_5224,/uploads/reels/spin_5224.png
Gold 30s,Безинерционные,Syberia,https://potryasovgame.ru/page110667406.html,3000,false,3,,"6,2:1",,"0,69",,8,10,"16,82",,18,995,9,,,spin_5043,/uploads/reels/spin_5043.png
Bird 2 GS 30S,Безинерционные,Zeiman,https://potryasovgame.ru/page110667406.html,3000,false,3,,"5,1:1",,"0,53",,"8,2",,"18,5",,15,870,8,,,spin_5227,/uploads/reels/spin_5227.png
Mosquito 2 3000s,Безинерционные,Trident,https://potryasovgame.ru/page110667406.html,3000,false,3,,"5,2:1",,-,,"8,6",9,"17,06",,16,,,,,spin_5052_2,/uploads/reels/spin_5052_2.png
Horizon 2 3000s,Безинерционные,Trident,https://potryasovgame.ru/page110667406.html,3000,false,3,,"5,2:1",,-,,"7,7",,"18,8",,15,,,,,spin_5068_2,/uploads/reels/spin_5068_2.png
Meteor 30s,Безинерционные,Syberia,https://potryasovgame.ru/page110667406.html,3000,false,3,,"6,0:1",,"0,65",,"7,7",10,"15,98",,16,698,6,,,spin_5217,/uploads/reels/spin_5217.png
Pegasus 30s,Безинерционные,Syberia,https://potryasovgame.ru/page110667406.html,3000,false,3,,"5,0:1",,-,,"5,8","7,8","8,81",,14,399,4,,,spin_5065,/uploads/reels/spin_5065.png
Dragon 30s,Безинерционные,Syberia,https://potryasovgame.ru/page110667406.html,3000,false,3,,"5,0:1",,-,,"5,8","7,8","6,72",,8,363,3,,,spin_5037,/uploads/reels/spin_5037.png
Element PRO 3000,Безинерционные,Sputnik,https://potryasovgame.ru/page110667406.html,3000,false,3,,"5,4:1",,-,,"5,4",,"9,93",,8,350,3,,,spin_5183,/uploads/reels/spin_5183.png
Adriatica 3000S,Безинерционные,EF,https://potryasovgame.ru/page110667406.html,3000,false,3,,"6,1:1",,"0,76",,"5,4","6,5","6,48",,12,249,2,,,spin_5026,/uploads/reels/spin_5026.png
Element 3000,Безинерционные,Sputnik,https://potryasovgame.ru/page110667406.html,3000,false,3,,"5,4:1",,"0,58",,"5,4",,"8,04",,6,249,2,,,spin_5179,/uploads/reels/spin_5179.png
Hydra G2 30s,Безинерционные,Syberia,https://potryasovgame.ru/page110667406.html,3000,false,3,,"5,0:1",,"0,52",,"5,2",,"5,88",,5,184,2,,,spin_5359,/uploads/reels/spin_5359.png
Lagoon 3000S,Безинерционные,EF,https://potryasovgame.ru/page110667406.html,3000,false,3,,"6,1:1",,"0,76",,"5,4","6,5","5,44",,7,178,2,,,spin_5022,/uploads/reels/spin_5022.png
Libra 2 3000S,Безинерционные,EF,https://potryasovgame.ru/page110667406.html,3000,false,3,,"5,4:1",,-,,"3,3",,"4,5",,1,33,,,,spin_5823,/uploads/reels/spin_5823.png
Spark 2 3000S,Безинерционные,EF,https://potryasovgame.ru/page110667406.html,3000,false,3,,"5,4:1",,-,,"3,2",,"3,77",,1,10,,,,spin_5821,/uploads/reels/spin_5821.png
Aviator SP 2000 XHS,Безинерционные,Reef,https://potryasovgame.ru/page110667406.html,2000,true,2,,"7,2:1",,"0,69",,"11,3",,"36,09",,26,14900,"91,48",,,spin_6092,/uploads/reels/spin_6092.png
Bestia II 2000 SHS,Безинерционные,Beluga,https://potryasovgame.ru/page110667406.html,2000,true,2,,"7,1:1",,"0,72",,"10,8",,"24,25",,25,13500,"85,39",,,spin_5684,/uploads/reels/spin_5684.png
Overlord 3RS 20S,Безинерционные,Zeiman,https://potryasovgame.ru/page110667406.html,2000,false,2,,"5,1:1",,-,,10,,"25,95",,28,11999,,,,spin_5425,/uploads/reels/spin_5425.png
JSX Inferno 20S,Безинерционные,Zeiman,https://potryasovgame.ru/page110667406.html,2000,false,2,,"6,2:1",,-,,10,,"22,45",,30,11556,76,,,spin_5356,/uploads/reels/spin_5356.png
Overlord 3GS 20S,Безинерционные,Zeiman,https://potryasovgame.ru/page110667406.html,2000,false,2,,"5,1:1",,-,,"9,5",,"23,06",,26,9600,,,,spin_5423,/uploads/reels/spin_5423.png
JSX 20S,Безинерционные,Zeiman,https://potryasovgame.ru/page110667406.html,2000,false,2,,"6,2:1",,-,,"9,5",,"20,84",,30,9119,64,,,spin_5354,/uploads/reels/spin_5354.png
Major III 2000S,Безинерционные,Beluga,https://potryasovgame.ru/page110667406.html,2000,true,2,,"6,6:1",,"0,59",,"9,3",,"19,7",,21,7596,"55,02",,,spin_6114,/uploads/reels/spin_6114.png
Bestia 2000,Безинерционные,Beluga,https://potryasovgame.ru/page110667406.html,2000,false,2,,"6,2:1",,-,,9,,"22,49",,28,6685,50,,,spin_5133,/uploads/reels/spin_5133.png
Overlord 3BS 20S,Безинерционные,Zeiman,https://potryasovgame.ru/page110667406.html,2000,false,2,,"5,7:1",,-,,"9,1",,"20,95",,25,6500,,,,spin_5421,/uploads/reels/spin_5421.png
Olaf SP 20,Безинерционные,Zeiman,https://potryasovgame.ru/page110667406.html,2000,false,2,,"6,2:1",,"0,58",,"8,9",,"24,78",,22,5699,"43,38",,,spin_5696,/uploads/reels/spin_5696.png
Overlord 3E 20S,Безинерционные,Zeiman,https://potryasovgame.ru/page110667406.html,2000,false,2,,"5,3:1",,-,,"8,4",,"20,36",,23,5200,,,,spin_5419,/uploads/reels/spin_5419.png
P-Series 2 GS 20S,Безинерционные,Zeiman,https://potryasovgame.ru/page110667406.html,2000,false,2,,"5,1:1",,-,,"8,6",,"17,05",,28,,,,,spin_5404,/uploads/reels/spin_5404.png
Admiral 2000s,Безинерционные,Trident,https://potryasovgame.ru/page110667406.html,2000,false,2,,"6,2:1",,-,,"8,2",9,"17,7",,28,,,,,spin_5219,/uploads/reels/spin_5219.png
Z-Series 2 20S,Безинерционные,Zeiman,https://potryasovgame.ru/page110667406.html,2000,false,2,,"5,1:1",,-,,"8,2",,"16,45",,26,3898,31,,,spin_5347,/uploads/reels/spin_5347.png
Overlord 3B 20S,Безинерционные,Zeiman,https://potryasovgame.ru/page110667406.html,2000,false,2,,"5,3:1",,-,,7,,"19,6",,20,3500,,,,spin_5417,/uploads/reels/spin_5417.png
Major 2 2000s,Безинерционные,Trident,https://potryasovgame.ru/page110667406.html,2000,false,2,,"5,2:1",,-,,"7,2",,"17,95",,24,,,,,spin_5212,/uploads/reels/spin_5212.png
Overlord 3 20S,Безинерционные,Zeiman,https://potryasovgame.ru/page110667406.html,2000,false,2,,"5,1:1",,-,,"6,4",,"18,66",,19,2800,,,,spin_5415,/uploads/reels/spin_5415.png
Overlord 3 20S 8-Years,Безинерционные,Zeiman,https://potryasovgame.ru/page110667406.html,2000,false,2,,"6,1:1",,-,,"6,4",,-,,19,,"23,31",,,spin_5724,/uploads/reels/spin_5724.png
Natora 2000,Безинерционные,Beluga,https://potryasovgame.ru/page110667406.html,2000,false,2,,"6,2:1",,"0,62",,"6,3","6,9","16,24",,22,2349,20,,,spin_5123,/uploads/reels/spin_5123.png
Corsair 20S,Безинерционные,Zeiman,https://potryasovgame.ru/page110667406.html,2000,false,2,,"6,2:1",,-,,"6,1",,"17,62",,22,2099,18,,,spin_5351,/uploads/reels/spin_5351.png
Commandor 2 20S,Безинерционные,Zeiman,https://potryasovgame.ru/page110667406.html,2000,false,2,,"5,8:1",,"0,52",,6,,"9,7",,20,1981,17,,,spin_5365,/uploads/reels/spin_5365.png
Narga 2000,Безинерционные,Beluga,https://potryasovgame.ru/page110667406.html,2000,false,2,,"5,6:1",,-,,"5,5","5,9","16,66",,20,1621,14,,,spin_5268,/uploads/reels/spin_5268.png
Conquest II 2000,Безинерционные,Trident,https://potryasovgame.ru/page110667406.html,2000,false,2,,"5,2:1",,-,,"5,5",,"13,54",,20,,,,,spin_5316,/uploads/reels/spin_5316.png
Bird 2 GSX 20S,Безинерционные,Zeiman,https://potryasovgame.ru/page110667406.html,2000,false,2,,"5,2:1",,-,,5,,"13,13",,17,1511,13,,,spin_5349,/uploads/reels/spin_5349.png
Horizon III 2000S,Безинерционные,Trident,https://potryasovgame.ru/page110667406.html,2000,false,2,,"5,9:1",,"0,59",,"5,4",,"12,04",,15,1300,"11,51",,,spin_6085,/uploads/reels/spin_6085.png
Pelengas,Безинерционные,Черноморец,https://potryasovgame.ru/page110667406.html,2000,false,2,,"4,2:1",,"0,42",,"5,5",,"11,71",,12,1249,"11,48",,,spinreel_pelengas,/uploads/reels/spinreel_pelengas.png
Pelengas 2017,Безинерционные,Черноморец,https://potryasovgame.ru/page110667406.html,2000,false,2,,"4,9:1",,"0,49",,"5,9",,"16,45",,0,,,,,spinreel_pelengas_2017,/uploads/reels/spinreel_pelengas_2017.png
Pelengas 2025,Безинерционные,Черноморец,https://potryasovgame.ru/page110667406.html,2000,false,2,,"5,7:1",,"0,56",,"5,9",,"17,81",,0,,,,,spinreel_pelengas_2025,/uploads/reels/spinreel_pelengas_2025.png
Pelengas 2026,Безинерционные,Черноморец,https://potryasovgame.ru/page110667406.html,2000,false,2,,"5,9:1",,"0,58",,"5,9",,"17,66",,0,,,,,spinreel_pelengas_2026,/uploads/reels/spinreel_pelengas_2026.png
Alfa 2000,Безинерционные,Sputnik,https://potryasovgame.ru/page110667406.html,2000,false,2,,"5,8:1",,-,,4,,"11,87",,18,1051,9,,,spin_5192,/uploads/reels/spin_5192.png
Bird 2 20S,Безинерционные,Zeiman,https://potryasovgame.ru/page110667406.html,2000,false,2,,"5,1:1",,-,,"3,6",,"13,24",,14,798,7,,,spin_5103_2,/uploads/reels/spin_5103_2.png
Horizon 2 2000s,Безинерционные,Trident,https://potryasovgame.ru/page110667406.html,2000,false,2,,"5,2:1",,-,,"3,8",,"12,51",,15,,,,,spin_5001_2,/uploads/reels/spin_5001_2.png
Vyatka-2,Безинерционные,СССР,https://potryasovgame.ru/page110667406.html,2000,false,2,,"4,7:1",,"0,47",,"4,5",,"4,53",,1,655,,,,old_spinreel,/uploads/reels/old_spinreel.png
Pulsar 2000,Безинерционные,Sputnik,https://potryasovgame.ru/page110667406.html,2000,false,2,,"5,8:1",,-,,"3,8","4,2","11,05",,15,"599,5",6,,,spin_5400,/uploads/reels/spin_5400.png
Sirius 20S,Безинерционные,Syberia,https://potryasovgame.ru/page110667406.html,2000,false,2,,"5,4:1",,-,,"3,6","4,5","8,15",,15,418,6,,,spin_5040,/uploads/reels/spin_5040.png
Proton 2000,Безинерционные,Sputnik,https://potryasovgame.ru/page110667406.html,2000,false,2,,"5,2:1",,-,,"3,6","4,2","9,55",,12,395,5,,,spin_5185,/uploads/reels/spin_5185.png
Hercules G2 20s,Безинерционные,Syberia,https://potryasovgame.ru/page110667406.html,2000,false,2,,"5,0:1",,"0,56",,"3,7",,"6,94",,13,460,4,,,spin_5361,/uploads/reels/spin_5361.png
Pride 2000S,Безинерционные,EF,https://potryasovgame.ru/page110667406.html,2000,false,2,,"5,6:1",,-,,4,,"4,41",,14,"298,5",4,,,spin_5028,/uploads/reels/spin_5028.png
Element PRO 2000,Безинерционные,Sputnik,https://potryasovgame.ru/page110667406.html,2000,false,2,,"5,4:1",,"0,52",,"3,6","4,2","6,03",,8,"191,8",3,,,spin_5182,/uploads/reels/spin_5182.png
Element 2000,Безинерционные,Sputnik,https://potryasovgame.ru/page110667406.html,2000,false,2,,"5,4:1",,-,,"3,6","4,2","5,79",,6,129,2,,,spin_5178,/uploads/reels/spin_5178.png
Lagoon-HP 2 2000S,Безинерционные,EF,https://potryasovgame.ru/page110667406.html,2000,false,2,,"5,6:1",,-,,"3,5",,5,,9,"69,5",2,,,spin_5824,/uploads/reels/spin_5824.png
Hydra Smart 2 25s,Безинерционные,Syberia,https://potryasovgame.ru/page110667406.html,2000,false,2,,"5,0:1",,-,,"3,4","4,5","5,4",,1,"58,5",1,,,spin_5826,/uploads/reels/spin_5826.png
Libra 2 2000S,Безинерционные,EF,https://potryasovgame.ru/page110667406.html,2000,false,2,,"5,4:1",,-,,"3,3",,"4,1",,1,32,,,,spin_5822,/uploads/reels/spin_5822.png
Spark 2 2000S,Безинерционные,EF,https://potryasovgame.ru/page110667406.html,2000,false,2,,"5,4:1",,-,,"3,2",,"3,4",,1,9,,,,spin_5820,/uploads/reels/spin_5820.png
Aviator SP 1000 XHS,Безинерционные,Reef,https://potryasovgame.ru/page110667406.html,1000,true,1,,"7,3:1",,"0,62",,"9,1",,"27,02",,26,11900,"77,94",,,spin_6091,/uploads/reels/spin_6091.png
Aviator SP 1000 XHS 9-Years,Безинерционные,Reef,https://potryasovgame.ru/page110667406.html,1000,true,1,,"7,5:1",,"0,64",,"9,5",,"28,96",,25,,"77,94",,,spin_7003,/uploads/reels/spin_7003.png
Bestia II 1000 SHS,Безинерционные,Beluga,https://potryasovgame.ru/page110667406.html,1000,true,1,,"7,1:1",,"0,62",,"8,6",,"11,41",,24,7900,"56,79",,,spin_5683,/uploads/reels/spin_5683.png
Overlord 3RS 10S,Безинерционные,Zeiman,https://potryasovgame.ru/page110667406.html,1000,false,1,,"5,9:1",,-,,"8,2",,"12,02",,28,7500,"54,45",,,spin_5424,/uploads/reels/spin_5424.png
JSX Inferno 10S,Безинерционные,Zeiman,https://potryasovgame.ru/page110667406.html,1000,false,1,,"6,2:1",,-,,"8,2",,"11,04",,30,6723,50,,,spin_5355,/uploads/reels/spin_5355.png
Overlord 3GS 10S,Безинерционные,Zeiman,https://potryasovgame.ru/page110667406.html,1000,false,1,,"5,7:1",,-,,"7,7",,"10,02",,25,6500,,,,spin_5422,/uploads/reels/spin_5422.png
JSX 10S,Безинерционные,Zeiman,https://potryasovgame.ru/page110667406.html,1000,false,1,,"6,2:1",,-,,"7,7",,9,,30,6144,46,,,spin_5353,/uploads/reels/spin_5353.png
Major III 1000S,Безинерционные,Beluga,https://potryasovgame.ru/page110667406.html,1000,true,1,,"6,6:1",,"0,6",,"7,5","7,7","9,65",,20,5796,44,,,spin_6113,/uploads/reels/spin_6113.png
Overlord 3BS 10S,Безинерционные,Zeiman,https://potryasovgame.ru/page110667406.html,1000,false,1,,"5,9:1",,-,,"7,3",,"9,55",,24,5600,,,,spin_5420,/uploads/reels/spin_5420.png
Bestia 1000,Безинерционные,Beluga,https://potryasovgame.ru/page110667406.html,1000,false,1,,"5,2:1",,-,,"7,2",,"10,01",,28,5487,42,,,spin_5132,/uploads/reels/spin_5132.png
P-Series 2 GS 10S,Безинерционные,Zeiman,https://potryasovgame.ru/page110667406.html,1000,false,1,,"5,2:1",,-,,"6,5",,"7,19",,28,,,,,spin_5405,/uploads/reels/spin_5405.png
Overlord 3E 10S,Безинерционные,Zeiman,https://potryasovgame.ru/page110667406.html,1000,false,1,,"5,9:1",,-,,"6,4",,"8,49",,22,4500,,,,spin_5418,/uploads/reels/spin_5418.png
Olaf SP 10,Безинерционные,Zeiman,https://potryasovgame.ru/page110667406.html,1000,false,1,,"6,4:1",,"0,55",,"6,7",,"16,98",,19,4499,"35,44",,,spin_5695,/uploads/reels/spin_5695.png
Admiral 1000s,Безинерционные,Trident,https://potryasovgame.ru/page110667406.html,1000,false,1,,"5,2:1",,-,,"6,3",,9,,28,,,,,spin_5218,/uploads/reels/spin_5218.png
Z-Series 2 10S,Безинерционные,Zeiman,https://potryasovgame.ru/page110667406.html,1000,false,1,,"5,2:1",,-,,6,,"7,88",,26,3597,29,,,spin_5348,/uploads/reels/spin_5348.png
Overlord 3B 10S,Безинерционные,Zeiman,https://potryasovgame.ru/page110667406.html,1000,false,1,,"5,7:1",,-,,"5,5",,"8,49",,20,3000,,,,spin_5416,/uploads/reels/spin_5416.png
Overlord 3 10S,Безинерционные,Zeiman,https://potryasovgame.ru/page110667406.html,1000,false,1,,"5,3:1",,-,,5,,"8,51",,19,2500,,,,spin_5414,/uploads/reels/spin_5414.png
Natora 1000,Безинерционные,Beluga,https://potryasovgame.ru/page110667406.html,1000,false,1,,"5,2:1",,-,,5,,"5,8",,22,"1948,5",20,,,spin_5122,/uploads/reels/spin_5122.png
Velara 1000,Безинерционные,Beluga,https://potryasovgame.ru/page110667406.html,1000,false,1,,"5,8:1",,"0,52",,"4,8",,"7,74",,18,1750,"15,18",,,spin_6024,/uploads/reels/spin_6024.png
Corsair 10S,Безинерционные,Zeiman,https://potryasovgame.ru/page110667406.html,1000,false,1,,"6,2:1",,-,,"4,8",,"7,32",,22,"1498,5",18,,,spin_5350,/uploads/reels/spin_5350.png
Horizon III 1000S,Безинерционные,Trident,https://potryasovgame.ru/page110667406.html,1000,false,1,,"5,9:1","6,6:1","0,52","0,58","4,6",,"8,27",,15,1100,"9,84",,,spin_6084,/uploads/reels/spin_6084.png
Fisher MT10,Безинерционные,Tama,https://potryasovgame.ru/page110667406.html,1000,false,1,,"5,1:1",,"0,5",,"5,2",,"7,89",,0,1999,,,,spin_5765,/uploads/reels/spin_5765.png
Bird 2 GSX 10S,Безинерционные,Zeiman,https://potryasovgame.ru/page110667406.html,1000,false,1,,"5,2:1",,-,,4,,"5,91",,17,"852,8",12,,,spin_5223,/uploads/reels/spin_5223.png
Alfa 1000,Безинерционные,Sputnik,https://potryasovgame.ru/page110667406.html,1000,false,1,,"5,8:1",,-,,"3,6","4,2","5,77",,18,"650,8",9,,,spin_5191,/uploads/reels/spin_5191.png
Bird 2 GS 10S,Безинерционные,Zeiman,https://potryasovgame.ru/page110667406.html,1000,false,1,,"5,2:1",,-,,"3,4",,"5,52",,15,"559,8",8,,,spin_5226,/uploads/reels/spin_5226.png
EasySpin 1000s,Безинерционные,Trident,https://potryasovgame.ru/page110667406.html,1000,false,1,,"5,2:1",,-,,"3,2",,"5,12",,12,399,6,,,spin_5051,/uploads/reels/spin_5051.png
Pegasus 10s,Безинерционные,Syberia,https://potryasovgame.ru/page110667406.html,1000,false,1,,"5,0:1",,-,,"2,3",,"4,97",,14,"258,8",4,,,spin_5039,/uploads/reels/spin_5039.png
Element PRO 1000,Безинерционные,Sputnik,https://potryasovgame.ru/page110667406.html,1000,false,1,,"5,4:1",,-,,2,,"4,92",,8,"151,8",3,,,spin_5181,/uploads/reels/spin_5181.png
Element 1000,Безинерционные,Sputnik,https://potryasovgame.ru/page110667406.html,1000,false,1,,"5,4:1",,-,,2,,"4,04",,6,129,2,,,spin_5177,/uploads/reels/spin_5177.png
Lagoon 1000S,Безинерционные,EF,https://potryasovgame.ru/page110667406.html,1000,false,1,,"6,1:1",,-,,"1,8",,"3,8",,7,"89,95",2,,,spin_5023,/uploads/reels/spin_5023.png
Electro Raptor 40,Силовые,Reef,https://potryasovgame.ru/page113477996.html,40,true,"126,5",,"2,4:1",,"1,09",,"38,10",,395,,,119871,"321,14",400,,elcon_5969,/uploads/reels/elcon_5969.png
Electro Raptor 20,Силовые,Reef,https://potryasovgame.ru/page113477996.html,20,true,"40,5",,"3,2:1",,"1,04",,"31,70",,213,,,71989,"245,74",368,,elcon_5968,/uploads/reels/elcon_5968.png
Borealica 40DS,Силовые,Reef,https://potryasovgame.ru/page113477996.html,40,true,84,,"4,0:1↔1,6:1",,"0,68↔0,27",,"35,40",,405,,,86989,"271,42",205+,,conv_5972,/uploads/reels/conv_5972.png
Borealica 30DS,Силовые,Reef,https://potryasovgame.ru/page113477996.html,30,true,"49,5",,"4,0:1↔1,7:1",,"0,64↔0,28",,"34,00",,334,,,78999,"258,08",450,,conv_5313,/uploads/reels/conv_5313.png
Borealica 20DS,Силовые,Reef,https://potryasovgame.ru/page113477996.html,20,true,20,,"5,0:1↔1,7:1",,"0,77↔0,26",,"30,80",,183,,,68999,"240,26",205+,,conv_5312,/uploads/reels/conv_5312.png
Imperial C40 2S,Силовые,Beluga,https://potryasovgame.ru/page113477996.html,40,true,"80,5",,"4,6:1↔1,6:1",,"0,73↔0,27",,"32,60",,347,,,74994,"251,11",205+,,conv_5174,/uploads/reels/conv_5174.png
Triumph 30 2S,Силовые,SAT,https://potryasovgame.ru/page113477996.html,30,true,"51,5",,"3,8:1↔1,7:1",,"0,79↔0,35",,"33,60",,371,,,69987,"242,08",400,,conv_5411,/uploads/reels/conv_5411.png
Triumph 30 2S 8-An.,Силовые,SAT,https://potryasovgame.ru/page113477996.html,30,true,"51,5",,"4,0:1↔1,8:1",,"0,83↔0,37",,"33,60",,371,,,,,205+,,conv_5718,/uploads/reels/conv_5718.png
Triumph 20 2S,Силовые,SAT,https://potryasovgame.ru/page113477996.html,20,true,"25,5",,"3,8:1↔1,7:1",,"0,56↔0,25",,"31,80",,201,,,62679,"228,19",205+,,conv_5410,/uploads/reels/conv_5410.png
Triumph 10 2S,Силовые,SAT,https://potryasovgame.ru/page113477996.html,10,true,15,,"4,7:1↔2,1:1",,"0,64↔0,29",,"30,80",,148,,,53589,"209,46",205+,,conv_5409,/uploads/reels/conv_5409.png
Venga C 40 2S,Силовые,Beluga,https://potryasovgame.ru/page113477996.html,40,true,"70,4",,"4,8:1↔1,6:1",,"0,80↔0,26",,"30,80",,330,,,57680,"218,11",205+,,conv_5173,/uploads/reels/conv_5173.png
Venga C 40 2S 9-An.,Силовые,Beluga,https://potryasovgame.ru/page113477996.html,40,true,75,,"5,3:1↔1,7:1",,"0,87↔0,28",,"32,60",,371,,,,"218,11",370,,conv_7008,/uploads/reels/conv_7008.png
Venga C 30 2S,Силовые,Beluga,https://potryasovgame.ru/page113477996.html,30,true,"49,5",,"5,3:1↔1,6:1",,"0,79↔0,24",,"29,00",,243,,,49783,"201,4",205+,,conv_5172,/uploads/reels/conv_5172.png
Venga C 20 2S,Силовые,Beluga,https://potryasovgame.ru/page113477996.html,20,true,30,,"6,0:1↔2,3:1",,"0,78↔0,30",,"29,00",,164,,,44486,"188,67",205+,,conv_5171,/uploads/reels/conv_5171.png
Albacore 40 DS,Силовые,Reef,https://potryasovgame.ru/page113477996.html,40,true,"53,5",,"5,2:1↔2,3:1",,"0,90↔0,40",,"30,80",,333,,,61982,"226,82",205+,,conv_5310,/uploads/reels/conv_5310.png
Albacore 20,Силовые,Reef,https://potryasovgame.ru/page113477996.html,20,true,"17,5",,"5,7:1",,"0,82",,"23,60",,165,,,44479,"188,66",205+,,conv_5309,/uploads/reels/conv_5309.png
Taiga 40 2S,Силовые,Beluga,https://potryasovgame.ru/page113477996.html,40,true,77,,"4,3:1↔1,8:1",,"0,87↔0,36",,"24,50",,357,,,42987,"185,02",274,,conv_5170,/uploads/reels/conv_5170.png
Taiga 20 2S,Силовые,Beluga,https://potryasovgame.ru/page113477996.html,20,true,"32,5",,"4,3:1↔1,8:1",,"0,58↔0,24",,"22,70",,158,,,38983,"174,92",205+,,conv_5169,/uploads/reels/conv_5169.png
California 40,Силовые,Trident,https://potryasovgame.ru/page113477996.html,40,true,120,,"2,4:1","4,5:1","0,41","0,77","26,30",,427,,,39951,"177,41",290,276,conv_5993,/uploads/reels/conv_5993.png
Tongar 2Gen 30 DS,Силовые,Reef,https://potryasovgame.ru/page113477996.html,30,true,47,,"5,4:1↔2,4:1",,"0,85↔0,38",,"21,80",,315,,,37985,"172,31",205+,,conv_6105,/uploads/reels/conv_6105.png
Tongar 2Gen 20 DS,Силовые,Reef,https://potryasovgame.ru/page113477996.html,20,true,27,,"5,7:1↔2,6:1",,"0,83↔0,38",,"19,00",,164,,,27982,"139,91","166,25",,conv_6104,/uploads/reels/conv_6104.png
Tongar 2Gen 20,Силовые,Reef,https://potryasovgame.ru/page113477996.html,20,true,27,,"6,4:1",,"0,94",,"19,00",,164,,,25984,"129,92","163,24",,conv_6103,/uploads/reels/conv_6103.png
Tera L-LD 40,Силовые,Beluga,https://potryasovgame.ru/page113477996.html,40,true,70,,"4,3:1",,"0,67",,"21,80",,340,,,29988,"149,93","157,72",,conv_5168,/uploads/reels/conv_5168.png
Tera L-LD 30,Силовые,Beluga,https://potryasovgame.ru/page113477996.html,30,true,"49,5",,"5,1:1",,"0,69",,"20,90",,245,,,23984,"122,38","142,77",,conv_5167,/uploads/reels/conv_5167.png
Tera L-LD 20,Силовые,Beluga,https://potryasovgame.ru/page113477996.html,20,true,"29,5",,"6,1:1",,"0,72",,"19,00",,147,,,16983,"99,84","121,9",,conv_5166,/uploads/reels/conv_5166.png
Cardinal 30 2S,Силовые,SAT,https://potryasovgame.ru/page113477996.html,30,true,56,,"3,8:1↔1,7:1",,"0,79↔0,35",,"22,70",,371,,,33980,"161,51","152,5",,conv_5382,/uploads/reels/conv_5382.png
Cardinal 30,Силовые,SAT,https://potryasovgame.ru/page113477996.html,30,true,56,,"3,5:1",,"0,73",,"22,70",,371,,,31085,"153,32","167,89",,conv_5381,/uploads/reels/conv_5381.png
Cardinal 20 2S,Силовые,SAT,https://potryasovgame.ru/page113477996.html,20,true,27,,"3,8:1↔1,7:1",,"0,56↔0,25",,"21,80",,201,,,25290,"126,44","130,23",,conv_5380,/uploads/reels/conv_5380.png
Cardinal 20,Силовые,SAT,https://potryasovgame.ru/page113477996.html,20,true,27,,"3,5:1",,"0,52",,"21,80",,201,,,24588,"123,95","133,84",,conv_5379,/uploads/reels/conv_5379.png
Cardinal 10,Силовые,SAT,https://potryasovgame.ru/page113477996.html,10,true,"16,5",,"6,0:1",,"0,82",,"20,00",,148,,,16479,"97,89","104,39",,conv_5378,/uploads/reels/conv_5378.png
Palomar 30,Силовые,Reef,https://potryasovgame.ru/page113477996.html,30,true,38,,"6,2:1",,"0,87",,"19,00",,213,,,18485,"105,37","133,6",,conv_5304,/uploads/reels/conv_5304.png
Palomar 20,Силовые,Reef,https://potryasovgame.ru/page113477996.html,20,true,"18,5",,"6,2:1",,"0,78",,"18,10",,136,,,16785,"99,08","133,3",,conv_5303,/uploads/reels/conv_5303.png
Palomar 10,Силовые,Reef,https://potryasovgame.ru/page113477996.html,10,true,13,,"6,2:1",,"0,75",,"17,20",,86,,,13988,"87,56","122,37",,conv_5302,/uploads/reels/conv_5302.png
Tera C-LW 40,Силовые,Beluga,https://potryasovgame.ru/page113477996.html,40,true,73,,"4,0:1",,"0,62",,"20,90",,323,,,24998,"124,99","147,61",,conv_5165,/uploads/reels/conv_5165.png
Tera C-LW 30LC,Силовые,Beluga,https://potryasovgame.ru/page113477996.html,30,true,53,,"4,9:1",,"0,69",,"19,00",,224,,,17999,"103,62","131,78",,conv_5164,/uploads/reels/conv_5164.png
Tera C-LW 30,Силовые,Beluga,https://potryasovgame.ru/page113477996.html,30,true,53,,"4,9:1",,"0,69",,"19,00",,224,,,17499,"101,78","132,06",,conv_5163,/uploads/reels/conv_5163.png
Tera C-LW 20,Силовые,Beluga,https://potryasovgame.ru/page113477996.html,20,true,31,,"4,9:1",,"0,63",,"18,10",,135,,,12979,"83,02","104,76",,conv_5162,/uploads/reels/conv_5162.png
Billionaire CNV 30 MS,Силовые,Trident,https://potryasovgame.ru/page113477996.html,30,true,"52,5",,"4,2:1↔2,1:1",,"0,61↔0,30",,"21,70",,232,,,19979,"110,48","88,14",,conv_5392,/uploads/reels/conv_5392.png
Billionaire CNV 20,Силовые,Trident,https://potryasovgame.ru/page113477996.html,20,true,32,,"5,1:1",,"0,67",,"20,00",,126,,,14950,"91,69","79,54",,conv_5391,/uploads/reels/conv_5391.png
Billionaire CNV 10,Силовые,Trident,https://potryasovgame.ru/page113477996.html,10,true,24,,"5,1:1",,"0,58",,"18,00",,69,,,10880,"72,9","78,86",,conv_5390,/uploads/reels/conv_5390.png
Taiga C 40,Силовые,Beluga,https://potryasovgame.ru/page113477996.html,40,true,77,,"2,9:1",,"0,54",,"17,20",,316,,,15590,"94,34","136,13",,conv_5161,/uploads/reels/conv_5161.png
Taiga C 30,Силовые,Beluga,https://potryasovgame.ru/page113477996.html,30,true,54,,"3,3:1",,"0,50",,"15,40",,214,,,10494,"70,94","109,46",,conv_5160,/uploads/reels/conv_5160.png
Taiga C 30 2S 7-An.,Силовые,Beluga,https://potryasovgame.ru/page113477996.html,30,true,54,,"4,2:1↔2,0:1",,"0,64↔0,30",,"15,40",,214,,,,,"109,5",,conv_6015,/uploads/reels/conv_6015.png
Taiga C 20,Силовые,Beluga,https://potryasovgame.ru/page113477996.html,20,true,"32,5",,"4,0:1",,"0,56",,"15,40",,138,,,9693,"66,75","94,44",,conv_5159,/uploads/reels/conv_5159.png
Rigal 20 2S,Силовые,SAT,https://potryasovgame.ru/page113477996.html,20,true,17,,"6,4:1↔3,8:1",,"0,85↔0,51",,"16,30",,139,,,8799,"61,88","74,33",,conv_5377,/uploads/reels/conv_5377.png
Oriental 30,Силовые,Reef,https://potryasovgame.ru/page113477996.html,30,true,"40,5",,"5,2:1",,"0,67",,"15,90",,199,,,9388,"65,11","87,1",,conv_5301,/uploads/reels/conv_5301.png
Oriental Noble F30,Силовые,Reef,https://potryasovgame.ru/page113477996.html,30,true,"42,5",,"4,9:1",,"0,63",,"17,20",,225,,,,"65,11","100,81",,conv_5708,/uploads/reels/conv_5708.png
Oriental 20,Силовые,Reef,https://potryasovgame.ru/page113477996.html,20,true,19,,"5,2:1",,"0,61",,"14,50",,139,,,8189,"58,45","87,13",,conv_5300,/uploads/reels/conv_5300.png
Oriental Noble F20,Силовые,Reef,https://potryasovgame.ru/page113477996.html,20,true,20,,"7,1:1",,"0,82",,"15,90",,162,,,,"58,45","90,38",,conv_5706,/uploads/reels/conv_5706.png
SteelHead C-30,Силовые,Syberia,https://potryasovgame.ru/page113477996.html,30,true,"50,5",,"4,8:1",,"0,70",,"17,20",,213,,,8980,"62,88","54,12",,conv_5397,/uploads/reels/conv_5397.png
SteelHead C-20,Силовые,Syberia,https://potryasovgame.ru/page113477996.html,20,true,"30,5",,"4,8:1",,"0,61",,"16,00",,132,,,6280,"47,06","49,67",,conv_5396,/uploads/reels/conv_5396.png
SteelHead C-10,Силовые,Syberia,https://potryasovgame.ru/page113477996.html,10,true,19,,"4,8:1",,"0,55",,"14,50",,67,,,5390,"41,38","47,42",,conv_5395,/uploads/reels/conv_5395.png
Isinga C-LW 30,Силовые,Beluga,https://potryasovgame.ru/page113477996.html,30,true,47,,"3,9:1",,"0,54",,"14,50",,190,,,5995,"45,26","63,86",,conv_5157,/uploads/reels/conv_5157.png
Isinga C-LW 20,Силовые,Beluga,https://potryasovgame.ru/page113477996.html,20,true,28,,"5,1:1",,"0,63",,"12,70",,116,,,4193,"33,34",55,,conv_5155,/uploads/reels/conv_5155.png
Isinga C-LW 10,Силовые,Beluga,https://potryasovgame.ru/page113477996.html,10,true,17,,"5,1:1",,"0,59",,"11,80",,69,,,3385,"27,62","48,11",,conv_5153,/uploads/reels/conv_5153.png
Argus 30,Силовые,Reef,https://potryasovgame.ru/page113477996.html,30,true,39,,"4,2:1",,"0,56",,"12,70",,165,,,5190,"40,07","64,97",,conv_5299,/uploads/reels/conv_5299.png
Argus 20,Силовые,Reef,https://potryasovgame.ru/page113477996.html,20,true,19,,"4,2:1",,"0,50",,"11,80",,100,,,4591,"36,06","64,49",,conv_5297,/uploads/reels/conv_5297.png
Argus 10,Силовые,Reef,https://potryasovgame.ru/page113477996.html,10,true,"13,5",,"4,2:1",,"0,46",,"10,90",,67,,,3791,"30,52","61,96",,conv_5296,/uploads/reels/conv_5296.png
Halibut 20 2S,Силовые,SAT,https://potryasovgame.ru/page113477996.html,20,true,"18,5",,"6,4:1↔3,8:1",,"0,85↔0,51",,"12,70",,139,,,3990,"31,92","40,71",,conv_5376,/uploads/reels/conv_5376.png
Halibut 20,Силовые,SAT,https://potryasovgame.ru/page113477996.html,20,true,"18,5",,"6,4:1",,"0,85",,"12,70",,139,,,3590,"29,09","41,59",,conv_5375,/uploads/reels/conv_5375.png
Altitude 20 DLC,Силовые,Zeiman,https://potryasovgame.ru/page113477996.html,20,true,30,,"4,7:1",,"0,62",,"12,70",,107,,,4388,"34,68","53,37",,conv_5229,/uploads/reels/conv_5229.png
Altitude 10 DLC,Силовые,Zeiman,https://potryasovgame.ru/page113477996.html,10,true,17,,"5,1:1",,"0,54",,"11,00",,66,,,3190,"26,19","46,12",,conv_5228,/uploads/reels/conv_5228.png
Hamra C-LW 30,Силовые,Beluga,https://potryasovgame.ru/page113477996.html,30,true,48,,"2,8:1",,"0,38",,"12,70",,172,,,4199,"33,38",52,,conv_5148,/uploads/reels/conv_5148.png
Hamra C-LW 20,Силовые,Beluga,https://potryasovgame.ru/page113477996.html,20,true,29,,"3,2:1",,"0,40",,"11,80",,107,,,3099,"25,53","45,93",,conv_5146,/uploads/reels/conv_5146.png
Hamra C-LW 10,Силовые,Beluga,https://potryasovgame.ru/page113477996.html,10,true,"17,5",,"3,4:1",,"0,40",,"10,90",,71,,,2499,"21,03","38,75",,conv_5145,/uploads/reels/conv_5145.png
Seagull 30,Силовые,SAT,https://potryasovgame.ru/page113477996.html,30,true,45,,"6,2:1",,"0,81",,"11,80",,156,,,2690,"22,48","37,22",,conv_5371,/uploads/reels/conv_5371.png
Seagull 20,Силовые,SAT,https://potryasovgame.ru/page113477996.html,20,true,29,,"6,2:1",,"0,81",,"10,00",,123,,,1989,"17,08","36,54",,conv_5370,/uploads/reels/conv_5370.png
Narga C-LW 30,Силовые,Beluga,https://potryasovgame.ru/page113477996.html,30,true,48,,"3,9:1",,"0,54",,"10,00",,154,,,1890,"16,3","33,22",,conv_5144,/uploads/reels/conv_5144.png
Narga C-LW 20,Силовые,Beluga,https://potryasovgame.ru/page113477996.html,20,true,29,,"5,1:1",,"0,63",,"9,00",,104,,,1348,"11,91","29,6",,conv_5143,/uploads/reels/conv_5143.png
Narga C-LW 10,Силовые,Beluga,https://potryasovgame.ru/page113477996.html,10,true,"17,5",,"5,1:1",,"0,59",,"8,20",,69,,,1190,"10,59","27,65",,conv_5142,/uploads/reels/conv_5142.png
Simplex 400,Силовые,SAT,https://potryasovgame.ru/page113477996.html,40,true,"63,5",,"3,8:1",,"0,67",,"10,00",,297,,,1990,"17,9","33,75",,conv_5369,/uploads/reels/conv_5369.png
Simplex 300,Силовые,SAT,https://potryasovgame.ru/page113477996.html,30,true,46,,"3,8:1",,"0,57",,"9,00",,206,,,1389,"12,25","31,65",,conv_5367,/uploads/reels/conv_5367.png
Simplex 200,Силовые,SAT,https://potryasovgame.ru/page113477996.html,20,true,28,,"5,1:1",,"0,67",,"8,20",,108,,,1189,"10,59","28,77",,conv_5366,/uploads/reels/conv_5366.png
Zodiac С-20,Силовые,Syberia,https://potryasovgame.ru/page113477996.html,20,true,"31,5",,"5,1:1",,"0,67",,"9,00",,109,,,1290,"11,43","25,32",,conv_5394,/uploads/reels/conv_5394.png
Zodiac С-10,Силовые,Syberia,https://potryasovgame.ru/page113477996.html,10,true,19,,"5,1:1",,"0,60",,"8,00",,67,,,1099,"9,83","26,7",,conv_5393,/uploads/reels/conv_5393.png
Winner Trolling 30,Силовые,EF,https://potryasovgame.ru/page113477996.html,30,false,58,,"4,3:1",,"0,57",,"7,30",,139,,,779,"7,1","15,46",,conv_5210,/uploads/reels/conv_5210.png
Winner Trolling 20,Силовые,EF,https://potryasovgame.ru/page113477996.html,20,false,"36,5",,"5,1:1",,"0,62",,"6,40",,80,,,590,"5,44","12,52",,conv_5209,/uploads/reels/conv_5209.png
Winner Trolling 10,Силовые,EF,https://potryasovgame.ru/page113477996.html,10,false,"28,5",,"5,1:1",,"0,58",,"5,50",,60,,,350,"3,29","10,84",,conv_5208,/uploads/reels/conv_5208.png
Jet-Series ULX LP-R,Низкопрофильные,Zeiman,https://potryasovgame.ru/page113478266.html,,false,"1,6",,"7,1:1",,"0,74",,"9,5",,"34,92",,30,0,"106,43",,,bclp_5380,/uploads/reels/bclp_5380.png
JSX Inferno LP-R,Низкопрофильные,Zeiman,https://potryasovgame.ru/page113478266.html,,false,"1,7","1,6","8,0:1",,"0,82",,"9,5",,"31,38",,30,17879,"103,19",,,bclp_5358,/uploads/reels/bclp_5358.png
Jet-Series JSXHS-R,Низкопрофильные,Zeiman,https://potryasovgame.ru/page113478266.html,,false,"1,9","1,5","7,9:1",,"0,81","0,84",9,,"34,92",,28,10940,"72,9",,,bclp_5103,/uploads/reels/bclp_5103.png
Jet-Series JSX-R,Низкопрофильные,Zeiman,https://potryasovgame.ru/page113478266.html,,false,"1,9","1,5","7,1:1",,"0,72",,9,,"36,69",,28,10940,"72,9",,,bclp_5004,/uploads/reels/bclp_5004.png
Polestar ELT LP-R,Низкопрофильные,Zeiman,https://potryasovgame.ru/page113478266.html,,false,"2,6",,"7,1:1",,"0,71",,"8,6",,"40,51",,26,0,"49,72",,,bclp_5379,/uploads/reels/bclp_5379.png
Skipper LP-R HS,Низкопрофильные,Trident,https://potryasovgame.ru/page113478266.html,,false,"2,8","2,2","7,8:1","6,4:1","0,93",,9,,43,,26,9498,"65,7",,,bclp_5675,/uploads/reels/bclp_5675.png
Magma XHS-LP,Низкопрофильные,Zeiman,https://potryasovgame.ru/page113478266.html,,false,"2,5","1,7","8,1:1","8,3:1","0,86","0,88","8,9",,"32,09","35,08",26,8600,"60,77",,,bclp_5701,/uploads/reels/bclp_5701.png
Magma XHS-LP 9-Years,Низкопрофильные,Zeiman,https://potryasovgame.ru/page113478266.html,,false,"2,5","1,7","8,3:1","8,1:1","0,88","0,86",9,,"35,08","32,09",25,,"60,77",,,bclp_7007,/uploads/reels/bclp_7007.png
Jet-Bullet LP HS-R,Низкопрофильные,Zeiman,https://potryasovgame.ru/page113478266.html,,false,"2,7","2,2","10,1:1",,"1,01","1,11","8,2","8,9","36,07",,27,7543,"54,71",,,bclp_5357,/uploads/reels/bclp_5357.png
Olaf HS-LP,Низкопрофильные,Zeiman,https://potryasovgame.ru/page113478266.html,,false,"2,9","2,4","7,1:1","9,2:1","0,79",,"8,6","8,8","34,65",,25,6399,"47,8",,,bclp_5700,/uploads/reels/bclp_5700.png
Jet-Series JSGHS-R,Низкопрофильные,Zeiman,https://potryasovgame.ru/page113478266.html,,false,"2,8","2,2","7,1:1",,"0,71",,"8,6",,"31,91",,26,5887,"44,58",,,bclp_5091,/uploads/reels/bclp_5091.png
Jet-Series JSG-R,Низкопрофильные,Zeiman,https://potryasovgame.ru/page113478266.html,,false,"2,8","2,2","6,4:1",,"0,65",,"8,6",,"34,56",,26,5887,"44,58",,,bclp_5090,/uploads/reels/bclp_5090.png
Pillar 2 TPC-R-HS,Низкопрофильные,Trident,https://potryasovgame.ru/page113478266.html,,false,"2,7","1,8","7,8:1",,"0,91","0,99","8,2","8,6","35,68",,26,4849,"37,81",,,bclp_5331,/uploads/reels/bclp_5331.png
Pillar 2 TPC-R,Низкопрофильные,Trident,https://potryasovgame.ru/page113478266.html,,false,"2,7","1,8","7,1:1",,"0,85",,"8,2","8,6","38,9",,26,4849,"37,81",,,bclp_5330,/uploads/reels/bclp_5330.png
Zero GS ZG-R,Низкопрофильные,Zeiman,https://potryasovgame.ru/page113478266.html,,false,"4,5","3,9","7,1:1","5,8:1","0,67",,9,,"56,56",,24,4377,"34,61",,,bclp_5088,/uploads/reels/bclp_5088.png
Mayor 2 TMC-R,Низкопрофильные,Trident,https://potryasovgame.ru/page113478266.html,,false,"3,1","2,3","6,4:1","8,1:1","0,78",,"7,3",8,"27,41",,24,3810,"30,65",,,bclp_5406,/uploads/reels/bclp_5406.png
Jet-Series JS-R,Низкопрофильные,Zeiman,https://potryasovgame.ru/page113478266.html,,false,"3,4","2,2","6,4:1","8,0:1","0,63","0,9","7,3","8,1","38,72","44,84",26,3591,"29,1",,,bclp_5089,/uploads/reels/bclp_5089.png
Zero 2 Z-R,Низкопрофильные,Zeiman,https://potryasovgame.ru/page113478266.html,,false,"3,7","3,2","7,1:1",,"0,69",,"7,7","8,4","43,41",,20,3590,"29,09",,,bclp_5335,/uploads/reels/bclp_5335.png
Zero 2 ZHS-R,Низкопрофильные,Zeiman,https://potryasovgame.ru/page113478266.html,,false,"3,7","3,2","6,4:1",,"0,62",,"7,7","8,4","44,59",,20,3490,"28,37",,,bclp_5336,/uploads/reels/bclp_5336.png
Alfa Pro LP,Низкопрофильные,Sputnik,https://potryasovgame.ru/page113478266.html,,false,"3,8","2,1","6,6:1","8,1:1","0,66","0,87","7,8","8,3","33,49",,18,3296,"26,97",,,bclp_5670,/uploads/reels/bclp_5670.png
Pro Bird 2 MS-R,Низкопрофильные,Zeiman,https://potryasovgame.ru/page113478266.html,,false,4,"3,7","7,1:1",,"0,68",,"7,7","8,4","34,54",,16,3109,"25,6",,,bclp_5334,/uploads/reels/bclp_5334.png
Spectrum TSH-R,Низкопрофильные,Trident,https://potryasovgame.ru/page113478266.html,,false,"3,8","3,2","7,1:1","7,8:1","0,86",,"7,3",8,"31,93",,20,2999,"24,79",,,bclp_5329,/uploads/reels/bclp_5329.png
Silver Bird 2 LS-R,Низкопрофильные,Zeiman,https://potryasovgame.ru/page113478266.html,,false,"4,5","3,9","6,4:1",,"0,61",,"7,3","8,1","26,68",,14,2596,"21,77",,,bclp_5333,/uploads/reels/bclp_5333.png
Charger 2 TC-R,Низкопрофильные,Trident,https://potryasovgame.ru/page113478266.html,,false,"4,1","3,7","7,1:1",,"0,81",,"6,8",,"28,93",,18,2499,"21,03",,,bclp_5328,/uploads/reels/bclp_5328.png
T-Tech STT-HSR,Низкопрофильные,Syberia,https://potryasovgame.ru/page113478266.html,,false,"3,9","3,2","7,3:1",,"0,86",,"6,3",7,"30,21",,22,2099,"17,94",,,bclp_5067,/uploads/reels/bclp_5067.png
T-Tech STT-R,Низкопрофильные,Syberia,https://potryasovgame.ru/page113478266.html,,false,"3,9","3,2","5,4:1",,"0,64",,"6,3",7,"29,68",,22,1999,"17,16",,,bclp_5033,/uploads/reels/bclp_5033.png
Nitro 2 TN-R,Низкопрофильные,Trident,https://potryasovgame.ru/page113478266.html,,false,"3,9","3,2","6,4:1",,"0,73",,"5,7","6,5","21,49",,16,1799,"15,57",,,bclp_5327,/uploads/reels/bclp_5327.png
Thunderbolt SSP HS-R,Низкопрофильные,Syberia,https://potryasovgame.ru/page113478266.html,,false,"3,6","2,5","7,3:1",,"0,87","0,87","5,4","6,5","21,76",,18,1700,"14,78",,,bclp_5343,/uploads/reels/bclp_5343.png
SportPro X2 MS-R,Низкопрофильные,Syberia,https://potryasovgame.ru/page113478266.html,,false,"4,9","3,9","6,6:1",,"0,8",,"5,2","6,2","23,02",,14,1299,"11,5",,,bclp_5342,/uploads/reels/bclp_5342.png
Black Bird 2 LS-R,Низкопрофильные,Zeiman,https://potryasovgame.ru/page113478266.html,,false,"5,5","4,4","6,4:1",,"0,6",,5,,"25,81",,12,1298,"11,49",,,bclp_5332,/uploads/reels/bclp_5332.png
Riva 2 MS-R,Низкопрофильные,Syberia,https://potryasovgame.ru/page113478266.html,,false,"4,9","3,9","6,6:1",,"0,76",,"4,8","5,5","19,51",,10,1050,"9,41",,,bclp_5341,/uploads/reels/bclp_5341.png
Energy SNB-R,Низкопрофильные,Syberia,https://potryasovgame.ru/page113478266.html,,false,6,"4,4","6,2:1",,"0,73",,"4,1",,"12,26",,8,770,"7,02",,,bclp_5031,/uploads/reels/bclp_5031.png
Winner NG LP-HS,Низкопрофильные,EF,https://potryasovgame.ru/page113478266.html,,false,"5,5",4,"6,3:1","6,4:1","0,75",,"4,5",,"13,56",,9,300,"2,83",,,bclp_6100,/uploads/reels/bclp_6100.png
Opyimus,Низкопрофильные,EF,https://potryasovgame.ru/page113478266.html,,false,6,"4,4","6,2:1",,"0,73",,"3,6",,"6,13",,7,"181,6","3,67",,,bclp_5339,/uploads/reels/bclp_5339.png
Profisher,Низкопрофильные,EF,https://potryasovgame.ru/page113478266.html,,false,"6,5","4,9","6,2:1",,"0,7",,"3,2",,"8,03",,4,"139,9","1,81",,,bclp_5338,/uploads/reels/bclp_5338.png